Line Name,End 1 Bus Name,End 2 Bus Name,In Service,Resistance (pu),Reactance (pu),Susceptance (pu),Actual Capacity (MW),Maximum Angle Limit (degree),B,Nature of Line,,,,Thermal Limit (MVA),Angle Limit,Anlge Limiting,Thermal Limit,,,,,,,,
L1,N_4220,N_4232,1,0.001930164,0.024192554,0.367691879,1000,35,-41.33503303,AC,,2,2,1000,2164.297268, ,1000,1,,,,,,,
L2,N_4220,N_4232,1,0.001930164,0.024192554,0.367691879,1000,35,-41.33503303,AC,,2,2,1000,2164.297268, ,1000,1,,,,,,,
L3,N_4220,N_4221,1,0.000996284,0.012487356,0.189789775,1000,35,-80.08100509,AC,,2,2,1000,4193.031621, ,1000,1,,,,,,,
L4,N_4220,N_4221,1,0.000996284,0.012487356,0.189789775,1000,35,-80.08100509,AC,,2,2,1000,4193.031621, ,1000,1,,,,,,,
L5,N_4333,N_4331,1,0.004653802,0.050526989,0.372304129,900,35,-19.79140297,AC,,3,3,900,1036.275436, ,900,1,,,,,,,
L6,N_4333,N_4330,1,0.00380281,0.041287649,0.304224781,900,35,-24.22031841,AC,,3,3,900,1268.172906, ,900,1,,,,,,,
L7,N_4333,N_4330,1,0.00380281,0.041287649,0.304224781,900,35,-24.22031841,AC,,3,3,900,1268.172906, ,900,1,,,,,,,
L8,N_4333,N_4311,1,0.007570259,0.060562075,0.227107781,900,35,-16.51198381,AC,,3,3,900,864.5654507,Swap,864.5654507,0,,,,,,,
L9,N_4350,N_4354,1,0.006963786,0.055710289,0.208913585,900,35,-17.95000553,AC,,3,3,900,939.8600919, ,900,1,,,,,,,
L10,N_4350,N_4354,1,0.006963786,0.055710289,0.208913585,900,35,-17.95000553,AC,,3,3,900,939.8600919, ,900,1,,,,,,,
L11,N_4350,N_4354,1,0.006963786,0.055710289,0.208913585,900,35,-17.95000553,AC,,3,3,900,939.8600919, ,900,1,,,,,,,
L12,N_4350,N_4351,1,0.006343134,0.050745072,0.190294021,900,35,-19.70634698,AC,,3,3,900,1031.821915, ,900,1,,,,,,,
L13,N_4354,N_4370,1,0.000634407,0.006887848,0.050752565,900,35,-145.1832258,AC,,3,3,900,7601.775929, ,900,1,,,,,,,
L14,N_4354,N_4370,1,0.000634407,0.006887848,0.050752565,900,35,-145.1832258,AC,,3,3,900,7601.775929, ,900,1,,,,,,,
L15,N_4354,N_4372,1,0.004760106,0.051681151,0.380808483,900,35,-19.34941413,AC,,3,3,900,1013.132955, ,900,1,,,,,,,
L16,N_4354,N_4372,1,0.004760106,0.051681151,0.380808483,900,35,-19.34941413,AC,,3,3,900,1013.132955, ,900,1,,,,,,,
L17,N_4331,N_4337,1,0.009858917,0.067785879,0.437829087,900,35,-14.75233501,AC,,3,3,900,772.4304547,Swap,772.4304547,0,,,,,,,
L18,N_4331,N_4336,1,0.004786647,0.032911023,0.212572343,900,35,-30.38495634,AC,,3,3,900,1590.952594, ,900,1,,,,,,,
L19,N_4331,N_4330,1,0.001322467,0.014358211,0.105797344,900,35,-69.64656013,AC,,3,3,900,3646.685361, ,900,1,,,,,,,
L20,N_4331,N_4309,1,0.002661599,0.021292793,0.079847975,900,35,-46.96424699,AC,,3,3,900,2459.042222, ,900,1,,,,,,,
L21,N_4331,N_4308,1,0.001343619,0.014587865,0.107489529,900,35,-68.55012904,AC,,3,3,900,3589.276363, ,900,1,,,,,,,
L22,N_4370,N_4352,1,0.006515854,0.052126836,0.195475635,900,35,-19.18397659,AC,,3,3,900,1004.470666, ,900,1,,,,,,,
L23,N_4370,N_4373,1,0.020811928,0.166495421,0.624357829,900,35,-6.00617118,AC,,3,3,900,314.4823876,Swap,314.4823876,0,,,,,,,
L24,N_4370,N_4372,1,0.010088387,0.080707092,0.302651597,900,35,-12.39048478,AC,,3,3,900,648.7642659,Swap,648.7642659,0,,,,,,,
L25,N_4221,N_4211,1,0.002048131,0.025671142,0.390164288,900,35,-38.95424676,AC,,2,2,900,2039.639591, ,900,1,,,,,,,
L26,N_4221,N_4211,1,0.002048131,0.025671142,0.390164288,900,35,-38.95424676,AC,,2,2,900,2039.639591, ,900,1,,,,,,,
L27,N_4311,N_4302,1,0.003704493,0.040220214,0.296359469,900,35,-24.86312001,AC,,3,3,900,1301.829919, ,900,1,,,,,,,
L28,N_4311,N_4302,1,0.003704493,0.040220214,0.296359469,900,35,-24.86312001,AC,,3,3,900,1301.829919, ,900,1,,,,,,,
L29,N_4308,N_4303,1,0.002638823,0.021110581,0.079164678,900,35,-47.36961094,AC,,3,3,900,2480.267029, ,900,1,,,,,,,
L30,N_4308,N_4330,1,0.000905464,0.00983075,0.072437109,900,35,-101.7216336,AC,,3,3,900,5326.132279, ,900,1,,,,,,,
L31,N_4308,N_4333,1,0.004468911,0.048519605,0.357512881,900,35,-20.61022539,AC,,3,3,900,1079.148878, ,900,1,,,,,,,
L32,N_4308,N_4333,1,0.004468911,0.048519605,0.357512881,900,35,-20.61022539,AC,,3,3,900,1079.148878, ,900,1,,,,,,,
L33,N_4308,N_4309,1,0.001344634,0.009245151,0.059714441,900,35,-108.164813,AC,,3,3,900,5663.496364, ,900,1,,,,,,,
L34,N_4303,N_4304,1,0.000790947,0.00858742,0.063275729,900,35,-116.4494059,AC,,3,3,900,6097.276636, ,900,1,,,,,,,
L35,N_4303,N_4310,1,0.001858872,0.014870976,0.055766161,900,35,-67.24508089,AC,,3,3,900,3520.944202, ,900,1,,,,,,,
L36,N_4303,N_4302,1,0.001938859,0.015510871,0.058165766,900,35,-64.47091283,AC,,3,3,900,3375.689102, ,900,1,,,,,,,
L37,N_4302,N_4304,1,0.00136644,0.010931519,0.040993195,900,35,-91.47859743,AC,,3,3,900,4789.808161, ,900,1,,,,,,,
L38,N_4302,N_4305,1,0.000680865,0.007392253,0.054469236,900,35,-135.276748,AC,,3,3,900,7083.073962, ,900,1,,,,,,,
L39,N_4302,N_4301,1,0.00437228,0.034978243,0.131168411,900,35,-28.58920057,AC,,3,3,900,1496.927042, ,900,1,,,,,,,
L40,N_4302,N_4301,1,0.00437228,0.034978243,0.131168411,900,35,-28.58920057,AC,,3,3,900,1496.927042, ,900,1,,,,,,,
L41,N_4373,N_4372,1,0.011211562,0.089692498,0.336346866,900,35,-11.14920453,AC,,3,3,900,583.7709842,Swap,583.7709842,0,,,,,,,
L42,N_4373,N_4372,1,0.011211562,0.089692498,0.336346866,900,35,-11.14920453,AC,,3,3,900,583.7709842,Swap,583.7709842,0,,,,,,,
L43,N_4373,N_4372,1,0.011211562,0.089692498,0.336346866,900,35,-11.14920453,AC,,3,3,900,583.7709842,Swap,583.7709842,0,,,,,,,
L44,N_4373,N_4374,1,0.011628869,0.093030951,0.348866065,900,35,-10.74911082,AC,,3,3,900,562.8221265,Swap,562.8221265,0,,,,,,,
L45,N_4373,N_4374,1,0.011628869,0.093030951,0.348866065,900,35,-10.74911082,AC,,3,3,900,562.8221265,Swap,562.8221265,0,,,,,,,
L46,N_4373,N_4374,1,0.011628869,0.093030951,0.348866065,900,35,-10.74911082,AC,,3,3,900,562.8221265,Swap,562.8221265,0,,,,,,,
L47,N_4374,N_4375,1,0.012118598,0.096948782,0.363557933,900,35,-10.31472473,AC,,3,3,900,540.0777237,Swap,540.0777237,0,,,,,,,
L48,N_4374,N_4375,1,0.012118598,0.096948782,0.363557933,900,35,-10.31472473,AC,,3,3,900,540.0777237,Swap,540.0777237,0,,,,,,,
L49,N_4374,N_4375,1,0.012118598,0.096948782,0.363557933,900,35,-10.31472473,AC,,3,3,900,540.0777237,Swap,540.0777237,0,,,,,,,
L50,N_4375,N_4376,1,0.016811724,0.134493788,0.504351706,900,35,-7.435287631,AC,,3,3,900,389.31075,Swap,389.31075,0,,,,,,,
L51,N_4375,N_4376,1,0.016811724,0.134493788,0.504351706,900,35,-7.435287631,AC,,3,3,900,389.31075,Swap,389.31075,0,,,,,,,
L52,N_4376,N_4377,1,0.007167943,0.057343548,0.215038304,900,35,-17.43875364,AC,,3,3,900,913.0910056, ,900,1,,,,,,,
L53,N_4376,N_4377,1,0.007167943,0.057343548,0.215038304,900,35,-17.43875364,AC,,3,3,900,913.0910056, ,900,1,,,,,,,
L54,N_4353,N_4352,1,0.001153252,0.00922602,0.034597574,900,35,-108.3891031,AC,,3,3,900,5675.240166, ,900,1,,,,,,,
L55,N_4352,N_4339,1,0.009796404,0.061577396,0.391856155,900,35,-16.23972544,AC,,3,3,900,850.3100358,Swap,850.3100358,0,,,,,,,
L56,N_4352,N_4339,1,0.009796404,0.061577396,0.391856155,900,35,-16.23972544,AC,,3,3,900,850.3100358,Swap,850.3100358,0,,,,,,,
L57,N_4352,N_4351,1,0.001126334,0.009010674,0.033790027,900,35,-110.9794895,AC,,3,3,900,5810.87248, ,900,1,,,,,,,
L58,N_4339,N_4351,1,0.009565384,0.060125273,0.382615372,900,35,-16.63194119,AC,,3,3,900,870.8464042,Swap,870.8464042,0,,,,,,,
L59,N_4339,N_4337,1,0.010368069,0.065170721,0.41472277,900,35,-15.34431389,AC,,3,3,900,803.4263965,Swap,803.4263965,0,,,,,,,
L60,N_4339,N_4337,1,0.010368069,0.065170721,0.41472277,900,35,-15.34431389,AC,,3,3,900,803.4263965,Swap,803.4263965,0,,,,,,,
L61,N_4337,N_4336,1,0.006453445,0.040564513,0.258137808,900,35,-24.65208959,AC,,3,3,900,1290.780393, ,900,1,,,,,,,
L62,N_4372,N_4371,1,0.007650096,0.061200771,0.22950289,900,35,-16.33966355,AC,,3,3,900,855.542783,Swap,855.542783,0,,,,,,,
L63,N_4372,N_4371,1,0.007650096,0.061200771,0.22950289,900,35,-16.33966355,AC,,3,3,900,855.542783,Swap,855.542783,0,,,,,,,
L64,N_4330,N_4306,1,0.001008796,0.010952637,0.08070364,900,35,-91.30221439,AC,,3,3,900,4780.572767, ,900,1,,,,,,,
L65,N_4370,N_4355,1,0.003175461,0.025403691,0.095263842,900,35,-39.36435833,AC,,3,3,900,2061.112982, ,900,1,,,,,,,
L66,N_4355,N_4353,1,0.001842647,0.014741177,0.055279413,900,35,-67.83718917,AC,,3,3,900,3551.946919, ,900,1,,,,,,,
L67,N_4339,N_4338,1,0.006229149,0.042829081,0.276633091,900,35,-23.34862162,AC,,3,3,900,1222.530969, ,900,1,,,,,,,
L68,N_4338,N_4337,1,0.003081048,0.021184023,0.136827634,900,35,-47.20538654,AC,,3,3,900,2471.66826, ,900,1,,,,,,,
L69,N_4350,N_4334,1,0.010765385,0.11688132,0.861230782,900,35,-8.555687057,AC,,3,3,900,447.9747267,Swap,447.9747267,0,,,,,,,
L70,N_4350,N_4334,1,0.010765385,0.11688132,0.861230782,900,35,-8.555687057,AC,,3,3,900,447.9747267,Swap,447.9747267,0,,,,,,,
L71,N_4333,N_4334,1,0.000719838,0.007815388,0.05758707,900,35,-127.9526985,AC,,3,3,900,6699.587629, ,900,1,,,,,,,
L72,N_4333,N_4334,1,0.000719838,0.007815388,0.05758707,900,35,-127.9526985,AC,,3,3,900,6699.587629, ,900,1,,,,,,,
L73,N_4333,N_4334,1,0.000719838,0.007815388,0.05758707,900,35,-127.9526985,AC,,3,3,900,6699.587629, ,900,1,,,,,,,
L74,N_4333,N_4334,1,0.000719838,0.007815388,0.05758707,900,35,-127.9526985,AC,,3,3,900,6699.587629, ,900,1,,,,,,,
L75,N_4334,N_4335,1,0.003646714,0.039592895,0.29173712,900,35,-25.25705698,AC,,3,3,900,1322.456411, ,900,1,,,,,,,
L76,N_4334,N_4335,1,0.003646714,0.039592895,0.29173712,900,35,-25.25705698,AC,,3,3,900,1322.456411, ,900,1,,,,,,,
L77,N_4335,N_4332,1,0.000975063,0.010586403,0.078005073,900,35,-94.46079299,AC,,3,3,900,4945.955555, ,900,1,,,,,,,
L78,N_4335,N_4332,1,0.000975063,0.010586403,0.078005073,900,35,-94.46079299,AC,,3,3,900,4945.955555, ,900,1,,,,,,,
L79,N_4334,N_4332,1,0.00328548,0.035670928,0.262838413,900,35,-28.03403413,AC,,3,3,900,1467.858595, ,900,1,,,,,,,
L80,N_4334,N_4332,1,0.00328548,0.035670928,0.262838413,900,35,-28.03403413,AC,,3,3,900,1467.858595, ,900,1,,,,,,,
L81,N_4307,N_4305,1,2.20959E-05,0.000239898,0.001767672,900,35,-4168.433434,AC,,3,3,900,218258.6642, ,900,1,,,,,,,
L82,N_4306,N_4307,1,0.00037053,0.0040229,0.029642421,900,35,-248.5768974,AC,,3,3,900,13015.45591, ,900,1,,,,,,,
L83,N_4302,N_4307,1,0.00059785,0.006490938,0.047827966,900,35,-154.0609324,AC,,3,3,900,8066.611557, ,900,1,,,,,,,
L84,N_4302,N_4307,1,0.00059785,0.006490938,0.047827966,900,35,-154.0609324,AC,,3,3,900,8066.611557, ,900,1,,,,,,,
L85,N_4308,N_4307,1,0.000494533,0.005369219,0.039562664,900,35,-186.2468363,AC,,3,3,900,9751.861547, ,900,1,,,,,,,
L86,N_4308,N_4310,1,0.000469061,0.005092664,0.037524894,900,35,-196.3608734,AC,,3,3,900,10281.43129, ,900,1,,,,,,,
L87,N_4232,N_4332,1,0,0.017241379,0,1000,35,-58,AC,,2,3,1000,3036.872898, ,1000,1,,,,,,,
L88,N_4232,N_4332,1,0,0.017241379,0,1000,35,-58,AC,,2,3,1000,3036.872898, ,1000,1,,,,,,,
L89,N_4211,N_4311,1,0,0.017241379,0,1000,35,-58,AC,,2,3,1000,3036.872898, ,1000,1,,,,,,,
L90,N_4211,N_4311,1,0,0.017241379,0,1000,35,-58,AC,,2,3,1000,3036.872898, ,1000,1,,,,,,,
L91,N_4232,N_4932,1,0,0.00539499,0,3000,35,-185.3571429,AC,,2,9,3000,9705.277305, ,3000,1,,Braemar PS,N_4932,1038,1,1297.5,0.00539499
L92,N_4232,N_4942,1,0,0.008695652,0,3000,35,-115,AC,,2,9,3000,6021.385919, ,3000,1,,Darling Downs PS,N_4942,644,1,805,0.008695652
L93,N_4350,N_4950,1,0,0.003060109,0,3000,35,-326.7857143,AC,,3,9,3000,17110.45999, ,3000,1,,Callide PS,N_4950,1830,1,2287.5,0.003060109
L94,N_4352,N_4952,1,0,0.003274854,0,3000,35,-305.3571429,AC,,3,9,3000,15988.46261, ,3000,1,,Gladstone PS,N_4952,1710,1,2137.5,0.003274854
L95,N_4330,N_4930,1,0,0.008974359,0,3000,35,-111.4285714,AC,,3,9,3000,5834.386357, ,3000,1,,Wivenhoe PS,N_4930,624,1,780,0.008974359
L96,N_4311,N_4911,1,0,0.016184971,0,3000,35,-61.78571429,AC,,3,9,3000,3235.092435, ,3000,1,,Oakey PS,N_4911,346,1,432.5,0.016184971
L97,N_4221,N_4921,1,0,0.006222222,0,3000,35,-160.7142857,AC,,2,9,3000,8414.980322, ,3000,1,,Millmerran PS,N_4921,900,1,1125,0.006222222
L98,N_4375,N_4975,1,0,0.012641084,0,3000,35,-79.10714286,AC,,3,9,3000,4142.040314, ,3000,1,,Mt Stuart PS,N_4975,443,1,553.75,0.012641084
L99,N_4375,N_4976,1,0,0.021705426,0,3000,35,-46.07142857,AC,,3,9,3000,2412.294359,Swap,2412.294359,0,,Townsville (Yabulu) PS,N_4976,258,1,322.5,0.021705426
L100,N_4305,N_4905,1,0,0.014545455,0,3000,35,-68.75,AC,,3,9,3000,3599.741582, ,3000,1,,Swanbank E PS,N_4905,385,1,481.25,0.014545455
L101,N_4354,N_4954,1,0,0.003636364,0,3000,35,-275,AC,,3,9,3000,14398.96633, ,3000,1,,Stanwell PS,N_4954,1540,1,1925,0.003636364
L102,N_4333,N_4933,1,0,0.003636364,0,3000,35,-275,AC,,3,9,3000,14398.96633, ,3000,1,,Tarong PS,N_4933,1540,1,1925,0.003636364
L103,N_4333,N_4934,1,0,0.011666667,0,3000,35,-85.71428571,AC,,3,9,3000,4487.989505, ,3000,1,,Tarong North PS,N_4934,480,1,600,0.011666667
L104,N_4335,N_4935,1,0,0.012962963,0,3000,35,-77.14285714,AC,,3,9,3000,4039.190555, ,3000,1,,Condamine A PS,N_4935,432,1,540,0.012962963
L105,N_4335,N_4936,1,0,0.007170294,0,3000,35,-139.4642857,AC,,3,9,3000,7302.332924, ,3000,1,,Kogan Creek PS,N_4936,781,1,976.25,0.007170294
L106,N_4352,N_4953,1,0,0.031111111,0,3000,35,-32.14285714,AC,,3,9,3000,1682.996064,Swap,1682.996064,0,,Yarwun PS,N_4953,180,1,225,0.031111111
L107,N_2415,N_2402,1,0.059481694,0.255653109,0.701174938,800,35,-3.911550312,AC,,4,4,800,204.8082954,Swap,204.8082954,0,,,,,,,
L108,N_2402,N_2403,1,0.039568435,0.170065659,0.46643586,800,35,-5.880081876,AC,,4,4,800,307.8803671,Swap,307.8803671,0,,,,,,,
L109,N_2201,N_2202,1,0.001811994,0.013814212,0.169538055,1000,35,-72.38921839,AC,,2,2,1000,3790.290612, ,1000,1,,,,,,,
L110,N_2201,N_2203,1,0.002991701,0.022808019,0.279916601,1000,35,-43.84422802,AC,,2,2,1000,2295.678411, ,1000,1,,,,,,,
L111,N_2202,N_2203,1,0.00164241,0.012521342,0.153671013,1000,35,-79.86364521,AC,,2,2,1000,4181.650685, ,1000,1,,,,,,,
L112,N_2203,N_2214,1,0.004041849,0.030814096,0.378172993,1000,35,-32.45268042,AC,,2,2,1000,1699.218373, ,1000,1,,,,,,,
L113,N_2214,N_2213,1,0.004035463,0.03076541,0.377575487,1000,35,-32.50403618,AC,,2,2,1000,1701.907354, ,1000,1,,,,,,,
L114,N_2214,N_2215,1,0.006135661,0.046776821,0.574079165,1000,35,-21.37810953,AC,,2,2,1000,1119.355197, ,1000,1,,,,,,,
L115,N_2202,N_2209,1,0.006008457,0.045807047,0.5621774,1000,35,-21.83070198,AC,,2,2,1000,1143.052882, ,1000,1,,,,,,,
L116,N_2203,N_2209,1,0.005113736,0.038985911,0.478463455,1000,35,-25.6502919,AC,,2,2,1000,1343.046143, ,1000,1,,,,,,,
L117,N_2202,N_2210,1,0.003951058,0.031478427,0.371899556,1000,35,-31.76778852,AC,,2,2,1000,1663.357518, ,1000,1,,,,,,,
L118,N_2203,N_2210,1,0.004023011,0.030670477,0.370236474,1000,35,-32.60464435,AC,,2,2,1000,1707.175186, ,1000,1,,,,,,,
L119,N_2209,N_2210,1,0.001731346,0.01319937,0.161992265,1000,35,-75.76119289,AC,,2,2,1000,3966.846784, ,1000,1,,,,,,,
L120,N_2209,N_2222,1,0.004629187,0.035291818,0.433126857,1000,35,-28.33517961,AC,,2,2,1000,1483.626535, ,1000,1,,,,,,,
L121,N_2209,N_2222,1,0.004768062,0.036350572,0.446120662,1000,35,-27.50988311,AC,,2,2,1000,1440.414111, ,1000,1,,,,,,,
L122,N_2210,N_2211,1,0.002452025,0.018693658,0.225659159,1000,35,-53.49407752,AC,,2,2,1000,2800.943349, ,1000,1,,,,,,,
L123,N_2211,N_2219,1,0.005354666,0.0408227,0.501005861,1000,35,-24.49617506,AC,,2,2,1000,1282.616727, ,1000,1,,,,,,,
L124,N_2219,N_2225,1,0.001700997,0.012967996,0.159152675,1000,35,-77.11291862,AC,,2,2,1000,4037.622977, ,1000,1,,,,,,,
L125,N_2222,N_2224,1,0.002846739,0.02170286,0.266353279,1000,35,-46.07687699,AC,,2,2,1000,2412.579637, ,1000,1,,,,,,,
L126,N_2222,N_2225,1,0.002873509,0.021906952,0.268858043,1000,35,-45.64761065,AC,,2,2,1000,2390.103304, ,1000,1,,,,,,,
L127,N_2225,N_2231,1,0.001967917,0.019320111,0.282758599,1000,35,-51.75953603,AC,,2,2,1000,2710.122969, ,1000,1,,,,,,,
L128,N_2225,N_2224,1,0.000307987,0.003023677,0.044252881,1000,35,-330.7231879,AC,,2,2,1000,17316.62562, ,1000,1,,,,,,,
L129,N_2224,N_2255,1,0.001395359,0.013698995,0.200491006,1000,35,-72.99805722,AC,,2,2,1000,3822.169338, ,1000,1,,,,,,,
L130,N_2255,N_2227,1,0.000503134,0.00493954,0.072292405,1000,35,-202.4480154,AC,,2,2,1000,10600.1533, ,1000,1,,,,,,,
L131,N_2231,N_2227,1,0.000684669,0.006721764,0.098376062,1000,35,-148.7704792,AC,,2,2,1000,7789.604078, ,1000,1,,,,,,,
L132,N_2231,N_2238,1,0.000398332,0.003394652,2.470227615,1000,35,-294.5809837,AC,,2,2,1000,15424.22424, ,1000,1,,,,,,,
L133,N_2231,N_2260,1,0.000347658,0.004598942,3.334725337,1000,35,-217.4413391,AC,,2,2,1000,11385.20189, ,1000,1,,,,,,,
L134,N_2231,N_2239,1,0.00052393,0.005143702,0.075280415,1000,35,-194.4125031,AC,,2,2,1000,10179.41486, ,1000,1,,,,,,,
L135,N_2237,N_2239,1,0.000473187,0.004645529,0.067989432,1000,35,-215.2607177,AC,,2,2,1000,11271.02482, ,1000,1,,,,,,,
L136,N_2237,N_2250,1,0.000287521,0.002822753,0.041312268,1000,35,-354.2641137,AC,,2,2,1000,18549.22562, ,1000,1,,,,,,,
L137,N_2237,N_2250,1,0.000261383,0.002566139,0.037556607,1000,35,-389.6905251,AC,,2,2,1000,20404.14818, ,1000,1,,,,,,,
L138,N_2250,N_2251,1,0.000204418,0.002704117,1.960774533,1000,35,-369.8064874,AC,,2,2,1000,19363.0224, ,1000,1,,,,,,,
L139,N_2250,N_2251,1,0.000204418,0.002704117,1.960774533,1000,35,-369.8064874,AC,,2,2,1000,19363.0224, ,1000,1,,,,,,,
L140,N_2252,N_2231,1,0.004044287,0.039704965,0.581100181,1000,35,-25.18576724,AC,,2,2,1000,1318.723689, ,1000,1,,,,,,,
L141,N_2252,N_2233,1,0.003497182,0.034333738,0.502489844,1000,35,-29.12587007,AC,,2,2,1000,1525.026991, ,1000,1,,,,,,,
L142,N_2233,N_2231,1,0.000591701,0.005809052,0.085018111,1000,35,-172.1451319,AC,,2,2,1000,9013.49803, ,1000,1,,,,,,,
L143,N_2243,N_2242,1,0.000632919,0.006213713,0.090940511,1000,35,-160.9343708,AC,,2,2,1000,8426.503951, ,1000,1,,,,,,,
L144,N_2243,N_2242,1,0.000632919,0.006213713,0.090940511,1000,35,-160.9343708,AC,,2,2,1000,8426.503951, ,1000,1,,,,,,,
L145,N_2243,N_2227,1,0.001416233,0.013903928,0.2034903,1000,35,-71.92212049,AC,,2,2,1000,3765.833423, ,1000,1,,,,,,,
L146,N_2236,N_2237,1,0.000587099,0.005763874,0.084356914,1000,35,-173.4944204,AC,,2,2,1000,9084.146607, ,1000,1,,,,,,,
L147,N_2243,N_2237,1,0.001049046,0.010299052,0.1507313,1000,35,-97.09631585,AC,,2,2,1000,5083.95121, ,1000,1,,,,,,,
L148,N_2266,N_2243,1,0.002454781,0.024099924,0.352713322,1000,35,-41.49390731,AC,,2,2,1000,2172.615906, ,1000,1,,,,,,,
L149,N_2262,N_2248,1,0.001155335,0.011342551,0.166003387,1000,35,-88.16358584,AC,,2,2,1000,4616.23456, ,1000,1,,,,,,,
L150,N_2248,N_2243,1,0.001780997,0.017485015,0.255901131,1000,35,-57.19182975,AC,,2,2,1000,2994.557203, ,1000,1,,,,,,,
L151,N_2266,N_2262,1,0.000206382,0.002026162,0.029653802,1000,35,-493.5439255,AC,,2,2,1000,25841.89951, ,1000,1,,,,,,,
L152,N_2170,N_2127,1,0.001101931,0.015035529,1.668365387,2500,35,-66.50913483,AC,,1,1,2500,3482.410156, ,2500,1,,,,,,,
L153,N_2170,N_2127,1,0.001101931,0.015035529,1.668365387,2500,35,-66.50913483,AC,,1,1,2500,3482.410156, ,2500,1,,,,,,,
L154,N_2270,N_2266,1,0.000862556,0.008468185,0.123935731,1000,35,-118.0890591,AC,,2,2,1000,6183.128678, ,1000,1,,,,,,,
L155,N_2274,N_2270,1,0.000605911,0.005948553,0.087059773,1000,35,-168.1081108,AC,,2,2,1000,8802.120098, ,1000,1,,,,,,,
L156,N_2274,N_2270,1,0.000582606,0.005719762,0.08371132,1000,35,-174.8324352,AC,,2,2,1000,9154.204902, ,1000,1,,,,,,,
L157,N_2270,N_2236,1,0.003151225,0.030937294,0.452781341,1000,35,-32.32344745,AC,,2,2,1000,1692.451751, ,1000,1,,,,,,,
L158,N_2274,N_2266,1,0.001015043,0.009965233,0.145845702,1000,35,-100.348887,AC,,2,2,1000,5254.255436, ,1000,1,,,,,,,
L159,N_2286,N_2285,1,0.000176101,0.001728878,0.025302919,1000,35,-578.4097029,AC,,2,2,1000,30285.46122, ,1000,1,,,,,,,
L160,N_2286,N_2285,1,0.000176101,0.001728878,0.025302919,1000,35,-578.4097029,AC,,2,2,1000,30285.46122, ,1000,1,,,,,,,
L161,N_2185,N_2195,1,0.000862656,0.011770694,1.306094301,2500,35,-84.95675877,AC,,1,1,2500,4448.325487, ,2500,1,,,,,,,
L162,N_2185,N_2153,1,0.001725535,0.023544425,2.612525619,2500,35,-42.47289966,AC,,1,1,2500,2223.875826,Swap,2223.875826,0,,,,,,,
L163,N_2195,N_2153,1,0.000863074,0.011776401,1.306727607,2500,35,-84.91558445,AC,,1,1,2500,4446.169605, ,2500,1,,,,,,,
L164,N_2153,N_2116,1,0.001081154,0.014752036,1.636908644,2500,35,-67.78725181,AC,,1,1,2500,3549.332205, ,2500,1,,,,,,,
L165,N_2153,N_2116,1,0.001081154,0.014752036,1.636908644,2500,35,-67.78725181,AC,,1,1,2500,3549.332205, ,2500,1,,,,,,,
L166,N_2253,N_2252,1,0.00023051,0.002263038,0.033120591,1000,35,-441.8838392,AC,,2,2,1000,23136.98372, ,1000,1,,,,,,,
L167,N_2253,N_2252,1,0.00023051,0.002263038,0.033120591,1000,35,-441.8838392,AC,,2,2,1000,23136.98372, ,1000,1,,,,,,,
L168,N_2216,N_2222,1,0.000366893,0.004759417,0.101507063,1000,35,-210.1097459,AC,,2,2,1000,11001.32057, ,1000,1,,,,,,,
L169,N_2216,N_2222,1,0.000366893,0.004759417,0.101507063,1000,35,-210.1097459,AC,,2,2,1000,11001.32057, ,1000,1,,,,,,,
L170,N_2216,N_2237,1,0.004473867,0.034107701,0.418594508,1000,35,-29.31889224,AC,,2,2,1000,1535.133608, ,1000,1,,,,,,,
L171,N_2216,N_2212,1,0.002508237,0.019122202,0.234681573,1000,35,-52.29523185,AC,,2,2,1000,2738.171936, ,1000,1,,,,,,,
L172,N_2212,N_2209,1,0.00250962,0.019132746,0.234810979,1000,35,-52.26641159,AC,,2,2,1000,2736.662912, ,1000,1,,,,,,,
L173,N_2285,N_2237,1,0.005372984,0.052749506,0.772012959,1000,35,-18.9575236,AC,,2,2,1000,992.6136148,Swap,992.6136148,0,,,,,,,
L174,N_2285,N_2259,1,0.004864863,0.047761003,0.699003957,1000,35,-20.93758377,AC,,2,2,1000,1096.289322, ,1000,1,,,,,,,
L175,N_2259,N_2237,1,0.000508557,0.004992786,0.073071682,1000,35,-200.2889957,AC,,2,2,1000,10487.10729, ,1000,1,,,,,,,
L176,N_2286,N_2276,1,0.003286769,0.032267998,0.472256797,1000,35,-30.99045686,AC,,2,2,1000,1622.656527, ,1000,1,,,,,,,
L177,N_2286,N_2274,1,0.002864807,0.028125369,0.411627546,1000,35,-35.5550887,AC,,2,2,1000,1861.660091, ,1000,1,,,,,,,
L178,N_2274,N_2275,1,0.000518727,0.005092629,0.074532934,1000,35,-196.362241,AC,,2,2,1000,10281.5029, ,1000,1,,,,,,,
L179,N_2276,N_2275,1,0.000254798,0.002501486,0.036610379,1000,35,-399.7624294,AC,,2,2,1000,20931.51186, ,1000,1,,,,,,,
L180,N_2274,N_2276,1,0.000710928,0.00697957,0.102149169,1000,35,-143.275311,AC,,2,2,1000,7501.87774, ,1000,1,,,,,,,
L181,N_2274,N_2276,1,0.000710928,0.00697957,0.102149169,1000,35,-143.275311,AC,,2,2,1000,7501.87774, ,1000,1,,,,,,,
L182,N_2286,N_2289,1,0.000508378,0.00499102,0.073045838,1000,35,-200.359859,AC,,2,2,1000,10490.81769, ,1000,1,,,,,,,
L183,N_2286,N_2290,1,0.005812789,0.044315323,0.543869871,1000,35,-22.56555829,AC,,2,2,1000,1181.529869, ,1000,1,,,,,,,
L184,N_2289,N_2290,1,0.005104069,0.038912208,0.477558918,1000,35,-25.69887568,AC,,2,2,1000,1345.589984, ,1000,1,,,,,,,
L185,N_2290,N_2291,1,0.004256837,0.032453114,0.398288218,1000,35,-30.81368396,AC,,2,2,1000,1613.40072, ,1000,1,,,,,,,
L186,N_2290,N_2291,1,0.005487527,0.033633227,0.42373441,1000,35,-29.73250207,AC,,2,2,1000,1556.790168, ,1000,1,,,,,,,
L187,N_2291,N_2297,1,0.005578084,0.04252599,0.52190988,1000,35,-23.51503152,AC,,2,2,1000,1231.244171, ,1000,1,,,,,,,
L188,N_2297,N_2293,1,0.006999342,0.053361319,0.65488891,1000,35,-18.7401666,AC,,2,2,1000,981.2328288,Swap,981.2328288,0,,,,,,,
L189,N_2291,N_2261,1,0.003772558,0.047284998,0.718663689,1000,35,-21.14835659,AC,,2,2,1000,1107.325362, ,1000,1,,,,,,,
L190,N_2291,N_2261,1,0.003772558,0.047284998,0.718663689,1000,35,-21.14835659,AC,,2,2,1000,1107.325362, ,1000,1,,,,,,,
L191,N_2295,N_2257,1,0.004719643,0.035981439,0.44159039,1000,35,-27.7921068,AC,,2,2,1000,1455.191309, ,1000,1,,,,,,,
L192,N_2253,N_2257,1,0.006964692,0.053097154,0.651646896,1000,35,-18.83340097,AC,,2,2,1000,986.1145687,Swap,986.1145687,0,,,,,,,
L193,N_2185,N_2285,1,0.00009,0.0122,0,2500,35,-81.96721311,AC,,1,2,2500,4291.793243, ,2500,1,,,,,,,
L194,N_2185,N_2285,1,0.00009,0.0122,0,2500,35,-81.96721311,AC,,1,2,2500,4291.793243, ,2500,1,,,,,,,
L195,N_2116,N_2216,1,0.00009,0.0122,0,2500,35,-81.96721311,AC,,1,2,2500,4291.793243, ,2500,1,,,,,,,
L196,N_2116,N_2216,1,0.00009,0.0122,0,2500,35,-81.96721311,AC,,1,2,2500,4291.793243, ,2500,1,,,,,,,
L197,N_2170,N_2270,1,0.00009,0.0122,0,2500,35,-81.96721311,AC,,1,2,2500,4291.793243, ,2500,1,,,,,,,
L198,N_2170,N_2270,1,0.00009,0.0122,0,2500,35,-81.96721311,AC,,1,2,2500,4291.793243, ,2500,1,,,,,,,
L199,N_2127,N_2227,1,0.00009,0.0122,0,2500,35,-81.96721311,AC,,1,2,2500,4291.793243, ,2500,1,,,,,,,
L200,N_2127,N_2227,1,0.00009,0.0122,0,2500,35,-81.96721311,AC,,1,2,2500,4291.793243, ,2500,1,,,,,,,
L201,N_2153,N_2253,1,0.00009,0.0122,0,2500,35,-81.96721311,AC,,1,2,2500,4291.793243, ,2500,1,,,,,,,
L202,N_2153,N_2253,1,0.00009,0.0122,0,2500,35,-81.96721311,AC,,1,2,2500,4291.793243, ,2500,1,,,,,,,
L203,N_2195,N_2295,1,0.00009,0.0122,0,2500,35,-81.96721311,AC,,1,2,2500,4291.793243, ,2500,1,,,,,,,
L204,N_2215,N_2415,1,0.0036,0.05,0,1000,35,-20,AC,,2,4,1000,1047.197551, ,1000,1,,,,,,,
L205,N_2215,N_2415,1,0.0036,0.05,0,1000,35,-20,AC,,2,4,1000,1047.197551, ,1000,1,,,,,,,
L206,N_2185,N_2984,1,0,0.002,0,3000,35,-500,AC,,1,9,3000,26179.93878, ,3000,1,,Bayswater Power Station,N_2984,2800,1,3500,0.002
L207,N_2285,N_2985,1,0,0.112,0,3000,35,-8.928571429,AC,,2,9,3000,467.4989068,Swap,467.4989068,0,,Hunter Valley GT,N_2985,50,1,62.5,0.112
L208,N_2286,N_2986,1,0,0.002545455,0,3000,35,-392.8571429,AC,,2,9,3000,20569.9519, ,3000,1,,Liddell Power Station,N_2986,2200,1,2750,0.002545455
L209,N_2253,N_2953,1,0,0.004,0,3000,35,-250,AC,,2,9,3000,13089.96939, ,3000,1,,Mt Piper Power Station,N_2953,1400,1,1750,0.004
L210,N_2210,N_2952,1,0,0.049557522,0,3000,35,-20.17857143,AC,,2,9,3000,1056.547529,Swap,1056.547529,0,,Boco Rock Wind Farm,N_2952,113,1,141.25,0.049557522
L211,N_2239,N_2971,1,0,0.031818182,0,3000,35,-31.42857143,AC,,2,9,3000,1645.596152,Swap,1645.596152,0,,Smithfield Energy Facility,N_2971,176,1,220,0.031818182
L212,N_2270,N_2970,1,0,0.001866667,0,3000,35,-535.7142857,AC,,2,9,3000,28049.93441, ,3000,1,,Eraring Power Station,N_2970,3000,1,3750,0.001866667
L213,N_2266,N_2966,1,0,0.004117647,0,3000,35,-242.8571429,AC,,2,9,3000,12715.97026, ,3000,1,,Vales Point B Power Station,N_2966,1360,1,1700,0.004117647
L214,N_2262,N_2962,1,0,0.007734807,0,3000,35,-129.2857143,AC,,2,9,3000,6769.38417, ,3000,1,,Colongra Power Station,N_2962,724,1,905,0.007734807
L215,N_2201,N_2901,1,0,0.003555556,0,3000,35,-281.25,AC,,2,9,3000,14726.21556, ,3000,1,,Murray Power Statio,N_2901,1575,1,1968.75,0.003555556
L216,N_2202,N_2903,1,0,0.008421053,0,3000,35,-118.75,AC,,2,9,3000,6217.73546, ,3000,1,,Tumut Power Station,N_2903,665,1,831.25,0.008421053
L217,N_2212,N_2904,1,0,0.015774648,0,3000,35,-63.39285714,AC,,2,9,3000,3319.242238, ,3000,1,,GullenRange-Gunning-Cullering-Taralga WF,N_2904,355,1,443.75,0.015774648
L218,N_2203,N_2905,1,0,0.003111111,0,3000,35,-321.4285714,AC,,2,9,3000,16829.96064, ,3000,1,,Tumut 3 Power Station,N_2905,1800,1,2250,0.003111111
L219,N_2214,N_2914,1,0,0.008433735,0,3000,35,-118.5714286,AC,,2,9,3000,6208.385482, ,3000,1,,Uranquinty Power Station,N_2914,664,1,830,0.008433735
L220,N_2219,N_2919,1,0,0.023333333,0,3000,35,-42.85714286,AC,,2,9,3000,2243.994753,Swap,2243.994753,0,,Shoalhaven Power Station,N_2919,240,1,300,0.023333333
L221,N_2225,N_2925,1,0,0.012727273,0,3000,35,-78.57142857,AC,,2,9,3000,4113.99038, ,3000,1,,Tallawarra Power Station,N_2925,440,1,550,0.012727273
L222,N_2211,N_2902,1,0,0.029787234,0,3000,35,-33.57142857,AC,,2,9,3000,1757.79589,Swap,1757.79589,0,,Capital-Woodlawn WF,N_2902,188,1,235,0.029787234
L223,N_3201,N_3202,1,0.008935357,0.068121035,0.836030883,1000,35,-14.67975349,AC,,2,2,1000,768.6300951,Swap,768.6300951,0,,,,,,,
L224,N_3201,N_3202,1,0.008935357,0.068121035,0.836030883,1000,35,-14.67975349,AC,,2,2,1000,768.6300951,Swap,768.6300951,0,,,,,,,
L225,N_3201,N_3203,1,0.00168262,0.012827898,0.157433299,1000,35,-77.95509164,AC,,2,2,1000,4081.719054, ,1000,1,,,,,,,
L226,N_3401,N_3404,1,0.011716435,0.051828952,0.149384547,800,35,-19.29423527,AC,,4,4,800,1010.243796, ,800,1,,,,,,,
L227,N_3401,N_3404,1,0.011716435,0.051828952,0.149384547,800,35,-19.29423527,AC,,4,4,800,1010.243796, ,800,1,,,,,,,
L228,N_3401,N_3422,1,0.005250553,0.031276677,0.052090021,800,35,-31.97270646,AC,,4,4,800,1674.086996, ,800,1,,,,,,,
L229,N_3401,N_3422,1,0.005250553,0.031276677,0.052090021,800,35,-31.97270646,AC,,4,4,800,1674.086996, ,800,1,,,,,,,
L230,N_3401,N_3405,1,0.02081755,0.124006702,0.20652807,800,35,-8.06408027,AC,,4,4,800,422.2342556,Swap,422.2342556,0,,,,,,,
L231,N_3404,N_3405,1,0.010101821,0.044686527,0.128798215,800,35,-22.37810975,AC,,4,4,800,1171.715086, ,800,1,,,,,,,
L232,N_3404,N_3405,1,0.010101821,0.044686527,0.128798215,800,35,-22.37810975,AC,,4,4,800,1171.715086, ,800,1,,,,,,,
L233,N_3411,N_3407,1,0.017062822,0.101640406,0.169277923,800,35,-9.838606854,AC,,4,4,800,515.1482502,Swap,515.1482502,0,,,,,,,
L234,N_3411,N_3406,1,0.013504408,0.080443525,0.133975387,800,35,-12.43108138,AC,,4,4,800,650.8898989,Swap,650.8898989,0,,,,,,,
L235,N_3407,N_3408,1,0.026895518,0.118975311,0.34291785,800,35,-8.405105168,AC,,4,4,800,440.0902775,Swap,440.0902775,0,,,,,,,
L236,N_3408,N_3409,1,0.007044873,0.03116378,0.089822134,800,35,-32.08853396,AC,,4,4,800,1680.151709, ,800,1,,,,,,,
L237,N_3409,N_3410,1,0.039873015,0.17638271,0.508380936,800,35,-5.669489927,AC,,4,4,800,296.8537984,Swap,296.8537984,0,,,,,,,
L238,N_3406,N_3412,1,0.008881398,0.05290502,0.088111138,800,35,-18.90179813,AC,,4,4,800,989.6958358, ,800,1,,,,,,,
L239,N_3406,N_3412,1,0.009388646,0.041531718,0.119705235,800,35,-24.07798285,AC,,4,4,800,1260.720234, ,800,1,,,,,,,
L240,N_3406,N_3423,1,0.016411422,0.075209178,0.216772449,800,35,-13.29624964,AC,,4,4,800,696.1900033,Swap,696.1900033,0,,,,,,,
L241,N_3423,N_3412,1,0.01870312,0.111411391,0.185551097,800,35,-8.975742898,AC,,4,4,800,469.9687991,Swap,469.9687991,0,,,,,,,
L242,N_3412,N_3420,1,0.00037893,0.004218085,0.014060282,800,35,-237.0744347,AC,,4,4,800,12413.18837, ,800,1,,,,,,,
L243,N_3412,N_3420,1,0.00037893,0.004218085,0.014060282,800,35,-237.0744347,AC,,4,4,800,12413.18837, ,800,1,,,,,,,
L244,N_3112,N_3114,1,0.001928,0.025787,2.534115,2500,35,-38.77922984,AC,,1,1,2500,2030.475727,Swap,2030.475727,0,,,,,,,
L245,N_3112,N_3114,1,0.001928,0.025787,2.534115,2500,35,-38.77922984,AC,,1,1,2500,2030.475727,Swap,2030.475727,0,,,,,,,
L246,N_3112,N_3113,1,0.000437425,0.006498888,0.686070078,2500,35,-153.8724849,AC,,1,1,2500,8056.74447, ,2500,1,,,,,,,
L247,N_3112,N_3113,1,0.000437425,0.006498888,0.686070078,2500,35,-153.8724849,AC,,1,1,2500,8056.74447, ,2500,1,,,,,,,
L248,N_3420,N_3415,1,0.009061145,0.053975744,0.089894385,800,35,-18.52684056,AC,,4,4,800,970.0631031, ,800,1,,,,,,,
L249,N_3420,N_3415,1,0.009061145,0.053975744,0.089894385,800,35,-18.52684056,AC,,4,4,800,970.0631031, ,800,1,,,,,,,
L250,N_3420,N_3415,1,0.009061145,0.053975744,0.089894385,800,35,-18.52684056,AC,,4,4,800,970.0631031, ,800,1,,,,,,,
L251,N_3115,N_3102,1,0.000198689,0.002951951,0.311629479,2500,35,-338.759055,AC,,1,1,2500,17737.38264, ,2500,1,,,,,,,
L252,N_3115,N_3113,1,8.22982E-05,0.001222716,0.129078864,2500,35,-817.8512324,AC,,1,1,2500,42822.59039, ,2500,1,,,,,,,
L253,N_3113,N_3102,1,0.000298787,0.004439127,0.468626715,2500,35,-225.269504,AC,,1,1,2500,11795.08365, ,2500,1,,,,,,,
L254,N_3113,N_3102,1,0.000298787,0.004439127,0.468626715,2500,35,-225.269504,AC,,1,1,2500,11795.08365, ,2500,1,,,,,,,
L255,N_3102,N_3118,1,0.001073035,0.015942231,1.682978446,2500,35,-62.72647635,AC,,1,1,2500,3284.350621, ,2500,1,,,,,,,
L256,N_3102,N_3118,1,0.001073035,0.015942231,1.682978446,2500,35,-62.72647635,AC,,1,1,2500,3284.350621, ,2500,1,,,,,,,
L257,N_3102,N_3116,1,0.000253256,0.003762663,0.397214177,2500,35,-265.7692343,AC,,1,1,2500,13915.64457, ,2500,1,,,,,,,
L258,N_3116,N_3117,1,0.000137431,0.002041825,0.215549978,2500,35,-489.7579149,AC,,1,1,2500,25643.66446, ,2500,1,,,,,,,
L259,N_3116,N_3118,1,0.000970159,0.014413793,1.521625352,2500,35,-69.37798951,AC,,1,1,2500,3632.623036, ,2500,1,,,,,,,
L260,N_3117,N_3118,1,0.000806548,0.011982996,1.265012673,2500,35,-83.45158113,AC,,1,1,2500,4369.51457, ,2500,1,,,,,,,
L261,N_3417,N_3468,1,0.001246097,0.010546673,0.03655217,800,35,-94.81662685,AC,,4,4,800,4964.586972, ,800,1,,,,,,,
L262,N_3417,N_3468,1,0.001246097,0.010546673,0.03655217,800,35,-94.81662685,AC,,4,4,800,4964.586972, ,800,1,,,,,,,
L263,N_3416,N_3468,1,0.000122012,0.001032685,0.00357903,800,35,-968.3498114,AC,,4,4,800,50702.67756, ,800,1,,,,,,,
L264,N_3416,N_3468,1,0.000122012,0.001032685,0.00357903,800,35,-968.3498114,AC,,4,4,800,50702.67756, ,800,1,,,,,,,
L265,N_3416,N_3418,1,0.005117323,0.076333402,0.300358434,800,35,-13.10042484,AC,,4,4,800,685.9366404,Swap,685.9366404,0,,,,,,,
L266,N_3416,N_3418,1,0.012828845,0.088901643,0.164186704,800,35,-11.24838609,AC,,4,4,800,588.9641187,Swap,588.9641187,0,,,,,,,
L267,N_3416,N_3426,1,0.001732776,0.01466581,0.050828083,800,35,-68.18579873,AC,,4,4,800,3570.200073, ,800,1,,,,,,,
L268,N_3416,N_3426,1,0.001732776,0.01466581,0.050828083,800,35,-68.18579873,AC,,4,4,800,3570.200073, ,800,1,,,,,,,
L269,N_3416,N_3424,1,0.003080034,0.026068693,0.090347663,800,35,-38.36018889,AC,,4,4,800,2008.534794, ,800,1,,,,,,,
L270,N_3416,N_3429,1,0.012282746,0.085117274,0.157197598,800,35,-11.74849656,AC,,4,4,800,615.1498414,Swap,615.1498414,0,,,,,,,
L271,N_3416,N_3429,1,0.012282746,0.085117274,0.157197598,800,35,-11.74849656,AC,,4,4,800,615.1498414,Swap,615.1498414,0,,,,,,,
L272,N_3416,N_3429,1,0.0122778,0.085083,0.1571343,800,35,-11.7532292,AC,,4,4,800,615.3976418,Swap,615.3976418,0,,,,,,,
L273,N_3416,N_3429,1,0.0122778,0.085083,0.1571343,800,35,-11.7532292,AC,,4,4,800,615.3976418,Swap,615.3976418,0,,,,,,,
L274,N_3415,N_3424,1,0.000880999,0.006260577,0.046792973,800,35,-159.7296855,AC,,4,4,800,8363.426774, ,800,1,,,,,,,
L275,N_3415,N_3424,1,0.000880999,0.006260577,0.046792973,800,35,-159.7296855,AC,,4,4,800,8363.426774, ,800,1,,,,,,,
L276,N_3424,N_3428,1,0.000575657,0.005960702,0.020607291,800,35,-167.7654675,AC,,4,4,800,8784.179335, ,800,1,,,,,,,
L277,N_3424,N_3428,1,0.000575657,0.005960702,0.020607291,800,35,-167.7654675,AC,,4,4,800,8784.179335, ,800,1,,,,,,,
L278,N_3424,N_3421,1,0.0064,0.0391,0.365,800,35,-25.57544757,AC,,4,4,800,1339.127303, ,800,1,,,,,,,
L279,N_3424,N_3427,1,0.001676893,0.014192837,0.049188872,800,35,-70.45807861,AC,,4,4,800,3689.176369, ,800,1,,,,,,,
L280,N_3424,N_3402,1,0.000692434,0.004775408,0.015758847,800,35,-209.4061802,AC,,4,4,800,10964.48196, ,800,1,,,,,,,
L281,N_3424,N_3402,1,0.000692434,0.004775408,0.015758847,800,35,-209.4061802,AC,,4,4,800,10964.48196, ,800,1,,,,,,,
L282,N_3424,N_3425,1,0.000827345,0.009209653,0.030698843,800,35,-108.5817242,AC,,4,4,800,5685.325787, ,800,1,,,,,,,
L283,N_3425,N_3416,1,0.001208271,0.013449966,0.044833222,800,35,-74.3496276,AC,,4,4,800,3892.937398, ,800,1,,,,,,,
L284,N_3426,N_3428,1,0.000360154,0.003662434,0.232273147,800,35,-273.0424428,AC,,4,4,800,14296.46887, ,800,1,,,,,,,
L285,N_3427,N_3416,1,0.000684664,0.007621387,0.025404624,800,35,-131.2097074,AC,,4,4,800,6870.124212, ,800,1,,,,,,,
L286,N_3114,N_3130,1,0.000252115,0.003372037,0.331373513,2500,35,-296.5566779,AC,,1,1,2500,15527.67134, ,2500,1,,,,,,,
L287,N_3114,N_3130,1,0.000252115,0.003372037,0.331373513,2500,35,-296.5566779,AC,,1,1,2500,15527.67134, ,2500,1,,,,,,,
L288,N_3422,N_3421,1,0.018932603,0.112778383,0.187827766,800,35,-8.866947489,AC,,4,4,800,464.2722849,Swap,464.2722849,0,,,,,,,
L289,N_3422,N_3421,1,0.018932603,0.112778383,0.187827766,800,35,-8.866947489,AC,,4,4,800,464.2722849,Swap,464.2722849,0,,,,,,,
L290,N_3118,N_3119,1,0.000104082,0.001420173,0.157584587,2500,35,-704.1395413,AC,,1,1,2500,36868.66017, ,2500,1,,,,,,,
L291,N_3118,N_3119,1,0.000104082,0.001420173,0.157584587,2500,35,-704.1395413,AC,,1,1,2500,36868.66017, ,2500,1,,,,,,,
L292,N_3118,N_3119,1,0.000104082,0.001420173,0.157584587,2500,35,-704.1395413,AC,,1,1,2500,36868.66017, ,2500,1,,,,,,,
L293,N_3405,N_3470,1,0.013232228,0.078822194,0.131275127,800,35,-12.68678211,AC,,4,4,800,664.278358,Swap,664.278358,0,,,,,,,
L294,N_3470,N_3411,1,0.003442379,0.020505682,0.034151371,800,35,-48.76697115,AC,,4,4,800,2553.432638, ,800,1,,,,,,,
L295,N_3410,N_3471,1,0.020611029,0.091175175,0.262790615,800,35,-10.96789775,AC,,4,4,800,574.2777833,Swap,574.2777833,0,,,,,,,
L296,N_3471,N_3406,1,0.005548087,0.024542581,0.070738113,800,35,-40.74551122,AC,,4,4,800,2133.429978, ,800,1,,,,,,,
L297,N_3115,N_3113,1,8.22982E-05,0.001222716,0.129078864,2500,35,-817.8512324,AC,,1,1,2500,42822.59039, ,2500,1,,,,,,,
L298,N_3115,N_3113,1,8.22982E-05,0.001222716,0.129078864,2500,35,-817.8512324,AC,,1,1,2500,42822.59039, ,2500,1,,,,,,,
L299,N_3115,N_3113,1,8.22982E-05,0.001222716,0.129078864,2500,35,-817.8512324,AC,,1,1,2500,42822.59039, ,2500,1,,,,,,,
L300,N_3418,N_3429,1,0.001819641,0.012609794,0.023288215,800,35,-79.30343476,AC,,4,4,800,4152.318134, ,800,1,,,,,,,
L301,N_3418,N_3429,1,0.001819641,0.012609794,0.023288215,800,35,-79.30343476,AC,,4,4,800,4152.318134, ,800,1,,,,,,,
L302,N_3201,N_3401,1,0,0.0293,0,1000,35,-34.12969283,AC,,2,4,1000,1787.026538, ,1000,1,,,,,,,
L303,N_3201,N_3401,1,0,0.0293,0,1000,35,-34.12969283,AC,,2,4,1000,1787.026538, ,1000,1,,,,,,,
L304,N_3201,N_3401,1,0,0.0293,0,1000,35,-34.12969283,AC,,2,4,1000,1787.026538, ,1000,1,,,,,,,
L305,N_3112,N_3412,1,0,0.0182,0,2500,35,-54.94505495,AC,,1,4,2500,2876.916349, ,2500,1,,,,,,,
L306,N_3112,N_3412,1,0,0.0182,0,2500,35,-54.94505495,AC,,1,4,2500,2876.916349, ,2500,1,,,,,,,
L307,N_3115,N_3415,1,0,0.02795,0,2500,35,-35.77817531,AC,,1,4,2500,1873.340879,Swap,1873.340879,0,,,,,,,
L308,N_3115,N_3415,1,0,0.02795,0,2500,35,-35.77817531,AC,,1,4,2500,1873.340879,Swap,1873.340879,0,,,,,,,
L309,N_3115,N_3415,1,0,0.02795,0,2500,35,-35.77817531,AC,,1,4,2500,1873.340879,Swap,1873.340879,0,,,,,,,
L310,N_3102,N_3202,1,0,0.01184,0,2500,35,-84.45945946,AC,,1,2,2500,4422.286956, ,2500,1,,,,,,,
L311,N_3202,N_3402,1,0,0.0245,0,1000,35,-40.81632653,AC,,2,4,1000,2137.13786, ,1000,1,,,,,,,
L312,N_3202,N_3402,1,0,0.0245,0,1000,35,-40.81632653,AC,,2,4,1000,2137.13786, ,1000,1,,,,,,,
L313,N_3116,N_3416,1,0,0.01824,0,2500,35,-54.8245614,AC,,1,4,2500,2870.607322, ,2500,1,,,,,,,
L314,N_3116,N_3416,1,0,0.01824,0,2500,35,-54.8245614,AC,,1,4,2500,2870.607322, ,2500,1,,,,,,,
L315,N_3117,N_3417,1,0,0.01824,0,2500,35,-54.8245614,AC,,1,4,2500,2870.607322, ,2500,1,,,,,,,
L316,N_3118,N_3418,1,0,0.0331,0,2500,35,-30.21148036,AC,,1,4,2500,1581.869413,Swap,1581.869413,0,,,,,,,
L317,N_3118,N_3418,1,0,0.0331,0,2500,35,-30.21148036,AC,,1,4,2500,1581.869413,Swap,1581.869413,0,,,,,,,
L318,N_3118,N_3418,1,0,0.0331,0,2500,35,-30.21148036,AC,,1,4,2500,1581.869413,Swap,1581.869413,0,,,,,,,
L319,N_3118,N_3418,1,0,0.0331,0,2500,35,-30.21148036,AC,,1,4,2500,1581.869413,Swap,1581.869413,0,,,,,,,
L320,N_3114,N_3314,1,0,0.022,0,2500,35,-45.45454545,AC,,1,3,2500,2379.994435,Swap,2379.994435,0,,,,,,,
L321,N_3114,N_3314,1,0,0.022,0,2500,35,-45.45454545,AC,,1,3,2500,2379.994435,Swap,2379.994435,0,,,,,,,
L322,N_3406,N_3906,1,0,0.017337461,0,3000,35,-57.67857143,AC,,4,9,3000,3020.042938, ,3000,1,,Waubra-Mt Mercer WF,N_3906,323,1,403.75,0.017337461
L323,N_3421,N_3921,1,0,0.041481481,0,3000,35,-24.10714286,AC,,4,9,3000,1262.247048,Swap,1262.247048,0,,Eildon PS,N_3921,135,1,168.75,0.041481481
L324,N_3118,N_3918,1,0,0.01,0,3000,35,-100,AC,,1,9,3000,5235.987756, ,3000,1,,Jeeralang PS,N_3918,560,1,700,0.01
L325,N_3418,N_3986,1,0,0.04028777,0,3000,35,-24.82142857,AC,,4,9,3000,1299.646961,Swap,1299.646961,0,,Bald Hills-Toora-Wonthaggi WF,N_3986,139,1,173.75,0.04028777
L326,N_3114,N_3914,1,0,0.028571429,0,3000,35,-35,AC,,1,9,3000,1832.595715,Swap,1832.595715,0,,Portland-Codrington-Yambuk WF,N_3914,196,1,245,0.028571429
L327,N_3415,N_3915,1,0,0.01627907,0,3000,35,-61.42857143,AC,,4,9,3000,3216.392479, ,3000,1,,Laverton North PS,N_3915,344,1,430,0.01627907
L328,N_3415,N_3985,1,0,0.010980392,0,3000,35,-91.07142857,AC,,4,9,3000,4768.488849, ,3000,1,,Newport PS,N_3985,510,1,637.5,0.010980392
L329,N_3119,N_3980,1,0,0.002440087,0,3000,35,-409.8214286,AC,,1,9,3000,21458.19982, ,3000,1,,Loy Yang A PS,N_3980,2295,1,2868.75,0.002440087
L330,N_3119,N_3981,1,0,0.004666667,0,3000,35,-214.2857143,AC,,1,9,3000,11219.97376, ,3000,1,,Loy Yang B PS,N_3981,1200,1,1500,0.004666667
L331,N_3119,N_3982,1,0,0.015555556,0,3000,35,-64.28571429,AC,,1,9,3000,3365.992129, ,3000,1,,Valley PS,N_3982,360,1,450,0.015555556
L332,N_3412,N_3912,1,0,0.011045365,0,3000,35,-90.53571429,AC,,4,9,3000,4740.438915, ,3000,1,,Macarthur-Mortons-Oaklands WF,N_3912,507,1,633.75,0.011045365
L333,N_3402,N_3902,1,0,0.032941176,0,3000,35,-30.35714286,AC,,4,9,3000,1589.496283,Swap,1589.496283,0,,Somerton PS,N_3902,170,1,212.5,0.032941176
L334,N_3471,N_3923,1,0,0.019047619,0,3000,35,-52.5,AC,,4,9,3000,2748.893572,Swap,2748.893572,0,,Ararat - Challicum Hills WF,N_3923,294,1,367.5,0.019047619
L335,N_3429,N_3929,1,0,0.0035,0,3000,35,-285.7142857,AC,,4,9,3000,14959.96502, ,3000,1,,Yallourn W PS,N_3929,1600,1,2000,0.0035
L336,N_3422,N_3922,1,0,0.009621993,0,3000,35,-103.9285714,AC,,4,9,3000,5441.687275, ,3000,1,,Kiewa Hydro Scheme & Dartmouth PS,N_3922,582,1,727.5,0.009621993
L337,N_3423,N_3903,1,0,0.009589041,0,3000,35,-104.2857143,AC,,4,9,3000,5460.387231, ,3000,1,,Mortlake PS,N_3903,584,1,730,0.009589041
L338,N_5314,N_5365,1,0.011163528,0.084167126,0.306115691,900,35,-11.88112325,AC,,3,3,900,622.0941586,Swap,622.0941586,0,,,,,,,
L339,N_5304,N_5312,1,0.002523329,0.027077263,0.167898441,900,35,-36.93135441,AC,,3,3,900,1933.721195, ,900,1,,,,,,,
L340,N_5304,N_5313,1,0.000636134,0.004796117,0.017443469,900,35,-208.5020026,AC,,3,3,900,10917.13933, ,900,1,,,,,,,
L341,N_5304,N_5308,1,0.000725132,0.005467115,0.019883889,900,35,-182.9118134,AC,,3,3,900,9577.240154, ,900,1,,,,,,,
L342,N_5366,N_5365,1,0.001870442,0.020307657,0.149635364,900,35,-49.24251088,AC,,3,3,900,2578.331841, ,900,1,,,,,,,
L343,N_5366,N_5365,1,0.001870442,0.020307657,0.149635364,900,35,-49.24251088,AC,,3,3,900,2578.331841, ,900,1,,,,,,,
L344,N_5365,N_5330,1,0.010318944,0.11073021,0.686606681,900,35,-9.030959088,AC,,3,3,900,472.8599121,Swap,472.8599121,0,,,,,,,
L345,N_5305,N_5307,1,0.0002,0.0018,0.72,900,35,-555.5555556,AC,,3,3,900,29088.82087, ,900,1,,,,,,,
L346,N_5313,N_5307,1,0.001067452,0.01145458,0.071026607,900,35,-87.30132374,AC,,3,3,900,4571.086622, ,900,1,,,,,,,
L347,N_5313,N_5308,1,0.000700465,0.005281136,0.019207484,900,35,-189.3531855,AC,,3,3,900,9914.509608, ,900,1,,,,,,,
L348,N_5306,N_5312,1,0.000555244,0.004186249,0.015225381,900,35,-238.8773226,AC,,3,3,900,12507.58736, ,900,1,,,,,,,
L349,N_5306,N_5309,1,0.000739542,0.005575758,0.020279021,900,35,-179.3478188,AC,,3,3,900,9390.629834, ,900,1,,,,,,,
L350,N_5307,N_5340,1,0.001579437,0.011908125,0.04330983,900,35,-83.97627601,AC,,3,3,900,4396.98753, ,900,1,,,,,,,
L351,N_5307,N_5312,1,0.001453497,0.015597142,0.09671346,900,35,-64.11431088,AC,,3,3,900,3357.017468, ,900,1,,,,,,,
L352,N_5309,N_5312,1,0.000886989,0.006687431,0.024322174,900,35,-149.5342585,AC,,3,3,900,7829.595465, ,900,1,,,,,,,
L353,N_5340,N_5310,1,0.000494026,0.005301276,0.032871709,900,35,-188.6338457,AC,,3,3,900,9876.845066, ,900,1,,,,,,,
L354,N_5340,N_5312,1,0.000787501,0.008450489,0.052399092,900,35,-118.3363407,AC,,3,3,900,6196.076311, ,900,1,,,,,,,
L355,N_5310,N_5311,1,0.000694579,0.005236762,0.019046096,900,35,-190.9576794,AC,,3,3,900,9998.520711, ,900,1,,,,,,,
L356,N_5301,N_5302,1,0.023299797,0.175668208,0.638904966,900,35,-5.692549676,AC,,3,3,900,298.061204,Swap,298.061204,0,,,,,,,
L357,N_5301,N_5302,1,0.023299797,0.175668208,0.638904966,900,35,-5.692549676,AC,,3,3,900,298.061204,Swap,298.061204,0,,,,,,,
L358,N_5340,N_5303,1,0.00229205,0.019100418,0.090917988,900,35,-52.3548759,AC,,3,3,900,2741.294892, ,900,1,,,,,,,
L359,N_5303,N_5302,1,0.003916088,0.03263407,0.155338175,900,35,-30.64282164,AC,,3,3,900,1604.454389, ,900,1,,,,,,,
L360,N_5318,N_5303,1,0.006966986,0.058058214,0.276357099,900,35,-17.22409164,AC,,3,3,900,901.8513294, ,900,1,,,,,,,
L361,N_5302,N_5304,1,0.005027902,0.041899187,0.199440132,900,35,-23.86681129,AC,,3,3,900,1249.663317, ,900,1,,,,,,,
L362,N_5312,N_5328,1,0.000643386,0.006904027,0.042809919,900,35,-144.8429949,AC,,3,3,900,7583.961476, ,900,1,,,,,,,
L363,N_5312,N_5317,1,0.000140573,0.00150846,0.009353531,900,35,-662.9279453,AC,,3,3,900,34710.82605, ,900,1,,,,,,,
L364,N_5317,N_5311,1,7.79353E-05,0.000836306,0.005185696,900,35,-1195.734801,AC,,3,3,900,62608.52777, ,900,1,,,,,,,
L365,N_5340,N_5318,1,0.00600446,0.050037165,0.238176903,900,35,-19.98514522,AC,,3,3,900,1046.419757, ,900,1,,,,,,,
L366,N_5340,N_5370,1,0.002481552,0.018709596,0.068046768,900,35,-53.44850811,AC,,3,3,900,2798.55734, ,900,1,,,,,,,
L367,N_5340,N_5325,1,0.006379534,0.053162782,0.253054842,900,35,-18.81015184,AC,,3,3,900,984.8972474, ,900,1,,,,,,,
L368,N_5370,N_5314,1,0.007969471,0.060085616,0.218531281,900,35,-16.64291826,AC,,3,3,900,871.4211624,Swap,871.4211624,0,,,,,,,
L369,N_5318,N_5345,1,0.004826003,0.040216692,0.191431452,900,35,-24.86529751,AC,,3,3,900,1301.943933, ,900,1,,,,,,,
L370,N_5345,N_5365,1,0.007964974,0.066374787,0.315943985,900,35,-15.06596177,AC,,3,3,900,788.8519136,Swap,788.8519136,0,,,,,,,
L371,N_5365,N_5326,1,0.00488494,0.040707835,0.193769296,900,35,-24.56529542,AC,,3,3,900,1286.23586, ,900,1,,,,,,,
L372,N_5326,N_5325,1,0.005005409,0.04171174,0.198547882,900,35,-23.9740659,AC,,3,3,900,1255.279155, ,900,1,,,,,,,
L373,N_5365,N_5320,1,0.007964974,0.066374787,0.315943985,900,35,-15.06596177,AC,,3,3,900,788.8519136,Swap,788.8519136,0,,,,,,,
L374,N_5320,N_5318,1,0.004826003,0.040216692,0.191431452,900,35,-24.86529751,AC,,3,3,900,1301.943933, ,900,1,,,,,,,
L375,N_5303,N_5329,1,0.002051974,0.017099786,0.081394983,900,35,-58.48026312,AC,,3,3,900,3062.019417, ,900,1,,,,,,,
L376,N_5304,N_5329,1,0.001262008,0.010516737,0.050059667,900,35,-95.08652857,AC,,3,3,900,4978.718993, ,900,1,,,,,,,
L377,N_5345,N_5945,1,0,0.025454545,0,3000,35,-39.28571429,AC,,3,9,3000,2056.99519,Swap,2056.99519,0,,Hallett PS,N_5945,220,1,275,0.025454545
L378,N_5306,N_5906,1,0,0.032748538,0,3000,35,-30.53571429,AC,,3,9,3000,1598.846261,Swap,1598.846261,0,,Dry Creek PS,N_5906,171,1,213.75,0.032748538
L379,N_5311,N_5911,1,0,0.010980392,0,3000,35,-91.07142857,AC,,3,9,3000,4768.488849, ,3000,1,,Pelican Point PS,N_5911,510,1,637.5,0.010980392
L380,N_5318,N_5918,1,0,0.053333333,0,3000,35,-18.75,AC,,3,9,3000,981.7477042,Swap,981.7477042,0,,Mintaro PS,N_5918,105,1,131.25,0.053333333
L381,N_5301,N_5901,1,0,0.08115942,0,3000,35,-12.32142857,AC,,3,9,3000,645.1484914,Swap,645.1484914,0,,Snuggery PS,N_5901,69,1,86.25,0.08115942
L382,N_5301,N_5970,1,0,0.017230769,0,3000,35,-58.03571429,AC,,3,9,3000,3038.742894, ,3000,1,,Lake Bonney-Canunda WF,N_5970,325,1,406.25,0.017230769
L383,N_5312,N_5912,1,0,0.024561404,0,3000,35,-40.71428571,AC,,3,9,3000,2131.795015,Swap,2131.795015,0,,Quarantine PS,N_5912,228,1,285,0.024561404
L384,N_5312,N_5913,1,0,0.004242424,0,3000,35,-235.7142857,AC,,3,9,3000,12341.97114, ,3000,1,,Torrens Island PS,N_5913,1320,1,1650,0.004242424
L385,N_5345,N_5951,1,0,0.025570776,0,3000,35,-39.10714286,AC,,3,9,3000,2047.645212,Swap,2047.645212,0,,Hallett-Bluff WF,N_5951,219,1,273.75,0.025570776
L386,N_5320,N_5952,1,0,0.023931624,0,3000,35,-41.78571429,AC,,3,9,3000,2187.894884,Swap,2187.894884,0,,Hornsdale-North Brown Hill WF,N_5952,234,1,292.5,0.023931624
L387,N_5314,N_5953,1,0,0.01314554,0,3000,35,-76.07142857,AC,,3,9,3000,3983.090686, ,3000,1,,Snowtown-Clements Gap WF,N_5953,426,1,532.5,0.01314554
L388,N_5301,N_5902,1,0,0.056,0,3000,35,-17.85714286,AC,,3,9,3000,934.9978136,Swap,934.9978136,0,,Ladbroke Grove PS,N_5902,100,1,125,0.056
L389,N_5311,N_5914,1,0,0.01372549,0,3000,35,-72.85714286,AC,,3,9,3000,3814.791079, ,3000,1,,Osborne PS,N_5914,408,1,510,0.01372549
L390,N_2261,N_4220,1,0.003683866,0.046173338,0.701768068,600,35,-21.65751999,AC,,2,2,600,1133.985095, ,600,1,,,,,,,
L391,N_2261,N_4220,1,0.003683866,0.046173338,0.701768068,600,35,-21.65751999,AC,,2,2,600,1133.985095, ,600,1,,,,,,,
L392,N_2213,N_3203,1,0.00164,0.01259,0.1646,966,35,-79.42811755,AC,,2,2,966,4158.84651, ,966,1,,,,,,,
L393,N_2402,N_3409,1,0.0036,0.0154,0.0422,265,35,-64.93506494,AC,,4,4,265,3399.992049, ,265,1,,,,,,,
L394,N_2201,N_3201,1,0.004626326,0.035270007,0.432859175,1015,35,-28.3527022,AC,,2,2,1015,1484.544016, ,1015,1,,,,,,,
L395,N_2201,N_3201,1,0.004626326,0.035270007,0.432859175,1015,35,-28.3527022,AC,,2,2,1015,1484.544016, ,1015,1,,,,,,,
L396,N_3314,N_5301,1,0.006895433,0.051987935,0.189080027,435,35,-19.23523232,AC,,3,3,435,1007.154409, ,435,1,,,,,,,
L397,N_3314,N_5301,1,0.006895433,0.051987935,0.189080027,435,35,-19.23523232,AC,,3,3,435,1007.154409, ,435,1,,,,,,,
,,,,,,,,,END OF DATA,,,,,,,,,,,,,,,,