Line Name,End 1 Node Name,End 2 Node Name,R,X,b,Maximum Capacity (MW),B,Nature of Line,,,,
L1,N_4220,N_4232,0.001930164,0.024192554,0.367691879,1000,-41.33503303,AC,,2,2,1000
L2,N_4220,N_4232,0.001930164,0.024192554,0.367691879,1000,-41.33503303,AC,,2,2,1000
L3,N_4220,N_4221,0.000996284,0.012487356,0.189789775,1000,-80.08100509,AC,,2,2,1000
L4,N_4220,N_4221,0.000996284,0.012487356,0.189789775,1000,-80.08100509,AC,,2,2,1000
L5,N_4333,N_4331,0.004653802,0.050526989,0.372304129,900,-19.79140297,AC,,3,3,800
L6,N_4333,N_4330,0.00380281,0.041287649,0.304224781,900,-24.22031841,AC,,3,3,800
L7,N_4333,N_4330,0.00380281,0.041287649,0.304224781,900,-24.22031841,AC,,3,3,800
L8,N_4333,N_4311,0.007570259,0.060562075,0.227107781,900,-16.51198381,AC,,3,3,800
L9,N_4350,N_4354,0.006963786,0.055710289,0.208913585,900,-17.95000553,AC,,3,3,800
L10,N_4350,N_4354,0.006963786,0.055710289,0.208913585,900,-17.95000553,AC,,3,3,800
L11,N_4350,N_4354,0.006963786,0.055710289,0.208913585,900,-17.95000553,AC,,3,3,800
L12,N_4350,N_4351,0.006343134,0.050745072,0.190294021,900,-19.70634698,AC,,3,3,800
L13,N_4354,N_4370,0.000634407,0.006887848,0.050752565,900,-145.1832258,AC,,3,3,800
L14,N_4354,N_4370,0.000634407,0.006887848,0.050752565,900,-145.1832258,AC,,3,3,800
L15,N_4354,N_4372,0.004760106,0.051681151,0.380808483,900,-19.34941413,AC,,3,3,800
L16,N_4354,N_4372,0.004760106,0.051681151,0.380808483,900,-19.34941413,AC,,3,3,800
L17,N_4331,N_4337,0.009858917,0.067785879,0.437829087,900,-14.75233501,AC,,3,3,800
L18,N_4331,N_4336,0.004786647,0.032911023,0.212572343,900,-30.38495634,AC,,3,3,800
L19,N_4331,N_4330,0.001322467,0.014358211,0.105797344,900,-69.64656013,AC,,3,3,800
L20,N_4331,N_4309,0.002661599,0.021292793,0.079847975,900,-46.96424699,AC,,3,3,800
L21,N_4331,N_4308,0.001343619,0.014587865,0.107489529,900,-68.55012904,AC,,3,3,800
L22,N_4370,N_4352,0.006515854,0.052126836,0.195475635,900,-19.18397659,AC,,3,3,800
L23,N_4370,N_4373,0.020811928,0.166495421,0.624357829,900,-6.00617118,AC,,3,3,800
L24,N_4370,N_4372,0.010088387,0.080707092,0.302651597,900,-12.39048478,AC,,3,3,800
L25,N_4221,N_4211,0.002048131,0.025671142,0.390164288,900,-38.95424676,AC,,2,2,1000
L26,N_4221,N_4211,0.002048131,0.025671142,0.390164288,900,-38.95424676,AC,,2,2,1000
L27,N_4311,N_4302,0.003704493,0.040220214,0.296359469,900,-24.86312001,AC,,3,3,800
L28,N_4311,N_4302,0.003704493,0.040220214,0.296359469,900,-24.86312001,AC,,3,3,800
L29,N_4308,N_4303,0.002638823,0.021110581,0.079164678,900,-47.36961094,AC,,3,3,800
L30,N_4308,N_4330,0.000905464,0.00983075,0.072437109,900,-101.7216336,AC,,3,3,800
L31,N_4308,N_4333,0.004468911,0.048519605,0.357512881,900,-20.61022539,AC,,3,3,800
L32,N_4308,N_4333,0.004468911,0.048519605,0.357512881,900,-20.61022539,AC,,3,3,800
L33,N_4308,N_4309,0.001344634,0.009245151,0.059714441,900,-108.164813,AC,,3,3,800
L34,N_4303,N_4304,0.000790947,0.00858742,0.063275729,900,-116.4494059,AC,,3,3,800
L35,N_4303,N_4310,0.001858872,0.014870976,0.055766161,900,-67.24508089,AC,,3,3,800
L36,N_4303,N_4302,0.001938859,0.015510871,0.058165766,900,-64.47091283,AC,,3,3,800
L37,N_4302,N_4304,0.00136644,0.010931519,0.040993195,900,-91.47859743,AC,,3,3,800
L38,N_4302,N_4305,0.000680865,0.007392253,0.054469236,900,-135.276748,AC,,3,3,800
L39,N_4302,N_4301,0.00437228,0.034978243,0.131168411,900,-28.58920057,AC,,3,3,800
L40,N_4302,N_4301,0.00437228,0.034978243,0.131168411,900,-28.58920057,AC,,3,3,800
L41,N_4373,N_4372,0.011211562,0.089692498,0.336346866,900,-11.14920453,AC,,3,3,800
L42,N_4373,N_4372,0.011211562,0.089692498,0.336346866,900,-11.14920453,AC,,3,3,800
L43,N_4373,N_4372,0.011211562,0.089692498,0.336346866,900,-11.14920453,AC,,3,3,800
L44,N_4373,N_4374,0.011628869,0.093030951,0.348866065,900,-10.74911082,AC,,3,3,800
L45,N_4373,N_4374,0.011628869,0.093030951,0.348866065,900,-10.74911082,AC,,3,3,800
L46,N_4373,N_4374,0.011628869,0.093030951,0.348866065,900,-10.74911082,AC,,3,3,800
L47,N_4374,N_4375,0.012118598,0.096948782,0.363557933,900,-10.31472473,AC,,3,3,800
L48,N_4374,N_4375,0.012118598,0.096948782,0.363557933,900,-10.31472473,AC,,3,3,800
L49,N_4374,N_4375,0.012118598,0.096948782,0.363557933,900,-10.31472473,AC,,3,3,800
L50,N_4375,N_4376,0.016811724,0.134493788,0.504351706,900,-7.435287631,AC,,3,3,800
L51,N_4375,N_4376,0.016811724,0.134493788,0.504351706,900,-7.435287631,AC,,3,3,800
L52,N_4376,N_4377,0.007167943,0.057343548,0.215038304,900,-17.43875364,AC,,3,3,800
L53,N_4376,N_4377,0.007167943,0.057343548,0.215038304,900,-17.43875364,AC,,3,3,800
L54,N_4353,N_4352,0.001153252,0.00922602,0.034597574,900,-108.3891031,AC,,3,3,800
L55,N_4352,N_4339,0.009796404,0.061577396,0.391856155,900,-16.23972544,AC,,3,3,800
L56,N_4352,N_4339,0.009796404,0.061577396,0.391856155,900,-16.23972544,AC,,3,3,800
L57,N_4352,N_4351,0.001126334,0.009010674,0.033790027,900,-110.9794895,AC,,3,3,800
L58,N_4339,N_4351,0.009565384,0.060125273,0.382615372,900,-16.63194119,AC,,3,3,800
L59,N_4339,N_4337,0.010368069,0.065170721,0.41472277,900,-15.34431389,AC,,3,3,800
L60,N_4339,N_4337,0.010368069,0.065170721,0.41472277,900,-15.34431389,AC,,3,3,800
L61,N_4337,N_4336,0.006453445,0.040564513,0.258137808,900,-24.65208959,AC,,3,3,800
L62,N_4372,N_4371,0.007650096,0.061200771,0.22950289,900,-16.33966355,AC,,3,3,800
L63,N_4372,N_4371,0.007650096,0.061200771,0.22950289,900,-16.33966355,AC,,3,3,800
L64,N_4330,N_4306,0.001008796,0.010952637,0.08070364,900,-91.30221439,AC,,3,3,800
L65,N_4370,N_4355,0.003175461,0.025403691,0.095263842,900,-39.36435833,AC,,3,3,800
L66,N_4355,N_4353,0.001842647,0.014741177,0.055279413,900,-67.83718917,AC,,3,3,800
L67,N_4339,N_4338,0.006229149,0.042829081,0.276633091,900,-23.34862162,AC,,3,3,800
L68,N_4338,N_4337,0.003081048,0.021184023,0.136827634,900,-47.20538654,AC,,3,3,800
L69,N_4350,N_4334,0.010765385,0.11688132,0.861230782,900,-8.555687057,AC,,3,3,800
L70,N_4350,N_4334,0.010765385,0.11688132,0.861230782,900,-8.555687057,AC,,3,3,800
L71,N_4333,N_4334,0.000719838,0.007815388,0.05758707,900,-127.9526985,AC,,3,3,800
L72,N_4333,N_4334,0.000719838,0.007815388,0.05758707,900,-127.9526985,AC,,3,3,800
L73,N_4333,N_4334,0.000719838,0.007815388,0.05758707,900,-127.9526985,AC,,3,3,800
L74,N_4333,N_4334,0.000719838,0.007815388,0.05758707,900,-127.9526985,AC,,3,3,800
L75,N_4334,N_4335,0.003646714,0.039592895,0.29173712,900,-25.25705698,AC,,3,3,800
L76,N_4334,N_4335,0.003646714,0.039592895,0.29173712,900,-25.25705698,AC,,3,3,800
L77,N_4335,N_4332,0.000975063,0.010586403,0.078005073,900,-94.46079299,AC,,3,3,800
L78,N_4335,N_4332,0.000975063,0.010586403,0.078005073,900,-94.46079299,AC,,3,3,800
L79,N_4334,N_4332,0.00328548,0.035670928,0.262838413,900,-28.03403413,AC,,3,3,800
L80,N_4334,N_4332,0.00328548,0.035670928,0.262838413,900,-28.03403413,AC,,3,3,800
L81,N_4307,N_4305,2.20959E-05,0.000239898,0.001767672,900,-4168.433434,AC,,3,3,800
L82,N_4306,N_4307,0.00037053,0.0040229,0.029642421,900,-248.5768974,AC,,3,3,800
L83,N_4302,N_4307,0.00059785,0.006490938,0.047827966,900,-154.0609324,AC,,3,3,800
L84,N_4302,N_4307,0.00059785,0.006490938,0.047827966,900,-154.0609324,AC,,3,3,800
L85,N_4308,N_4307,0.000494533,0.005369219,0.039562664,900,-186.2468363,AC,,3,3,800
L86,N_4308,N_4310,0.000469061,0.005092664,0.037524894,900,-196.3608734,AC,,3,3,800
L87,N_4232,N_4332,0,0.017241379,0,1000,-58,AC,,2,3,1000
L88,N_4232,N_4332,0,0.017241379,0,1000,-58,AC,,2,3,1000
L89,N_4211,N_4311,0,0.017241379,0,1000,-58,AC,,2,3,1000
L90,N_4211,N_4311,0,0.017241379,0,1000,-58,AC,,2,3,1000
L91,N_4232,N_4932,0,0.014705882,0,3000,-68,AC,,2,9,3000
L92,N_4232,N_4942,0,0.0234375,0,3000,-42.66666667,AC,,2,9,3000
L93,N_4350,N_4950,0,0.017857143,0,3000,-56,AC,,3,9,3000
L94,N_4352,N_4952,0,0.013392857,0,3000,-74.66666667,AC,,3,9,3000
L95,N_4330,N_4930,0,0.03,0,3000,-33.33333333,AC,,3,9,3000
L96,N_4311,N_4911,0,0.05,0,3000,-20,AC,,3,9,3000
L97,N_4221,N_4921,0,0.017857143,0,3000,-56,AC,,2,9,3000
L98,N_4375,N_4975,0,0.022058824,0,3000,-45.33333333,AC,,3,9,3000
L99,N_4375,N_4976,0,0.088235294,0,3000,-11.33333333,AC,,3,9,3000
L100,N_4305,N_4905,0,0.038961039,0,3000,-25.66666667,AC,,3,9,3000
L101,N_4354,N_4954,0,0.010714286,0,3000,-93.33333333,AC,,3,9,3000
L102,N_4333,N_4933,0,0.010714286,0,3000,-93.33333333,AC,,3,9,3000
L103,N_4333,N_4934,0,0.032608696,0,3000,-30.66666667,AC,,3,9,3000
L104,N_4335,N_4935,0,0.075,0,3000,-13.33333333,AC,,3,9,3000
L105,N_4335,N_4936,0,0.019230769,0,3000,-52,AC,,3,9,3000
L106,N_4352,N_4953,0,0.03,0,3000,-33.33333333,AC,,3,9,3000
L107,N_2415,N_2402,0.059481694,0.255653109,0.701174938,800,-3.911550312,AC,,4,4,700
L108,N_2402,N_2403,0.039568435,0.170065659,0.46643586,800,-5.880081876,AC,,4,4,700
L109,N_2201,N_2202,0.001811994,0.013814212,0.169538055,1000,-72.38921839,AC,,2,2,1000
L110,N_2201,N_2203,0.002991701,0.022808019,0.279916601,1000,-43.84422802,AC,,2,2,1000
L111,N_2202,N_2203,0.00164241,0.012521342,0.153671013,1000,-79.86364521,AC,,2,2,1000
L112,N_2203,N_2214,0.004041849,0.030814096,0.378172993,1000,-32.45268042,AC,,2,2,1000
L113,N_2214,N_2213,0.004035463,0.03076541,0.377575487,1000,-32.50403618,AC,,2,2,1000
L114,N_2214,N_2215,0.006135661,0.046776821,0.574079165,1000,-21.37810953,AC,,2,2,1000
L115,N_2202,N_2209,0.006008457,0.045807047,0.5621774,1000,-21.83070198,AC,,2,2,1000
L116,N_2203,N_2209,0.005113736,0.038985911,0.478463455,1000,-25.6502919,AC,,2,2,1000
L117,N_2202,N_2210,0.003951058,0.031478427,0.371899556,1000,-31.76778852,AC,,2,2,1000
L118,N_2203,N_2210,0.004023011,0.030670477,0.370236474,1000,-32.60464435,AC,,2,2,1000
L119,N_2209,N_2210,0.001731346,0.01319937,0.161992265,1000,-75.76119289,AC,,2,2,1000
L120,N_2209,N_2222,0.004629187,0.035291818,0.433126857,1000,-28.33517961,AC,,2,2,1000
L121,N_2209,N_2222,0.004768062,0.036350572,0.446120662,1000,-27.50988311,AC,,2,2,1000
L122,N_2210,N_2211,0.002452025,0.018693658,0.225659159,1000,-53.49407752,AC,,2,2,1000
L123,N_2211,N_2219,0.005354666,0.0408227,0.501005861,1000,-24.49617506,AC,,2,2,1000
L124,N_2219,N_2225,0.001700997,0.012967996,0.159152675,1000,-77.11291862,AC,,2,2,1000
L125,N_2222,N_2224,0.002846739,0.02170286,0.266353279,1000,-46.07687699,AC,,2,2,1000
L126,N_2222,N_2225,0.002873509,0.021906952,0.268858043,1000,-45.64761065,AC,,2,2,1000
L127,N_2225,N_2231,0.001967917,0.019320111,0.282758599,1000,-51.75953603,AC,,2,2,1000
L128,N_2225,N_2224,0.000307987,0.003023677,0.044252881,1000,-330.7231879,AC,,2,2,1000
L129,N_2224,N_2255,0.001395359,0.013698995,0.200491006,1000,-72.99805722,AC,,2,2,1000
L130,N_2255,N_2227,0.000503134,0.00493954,0.072292405,1000,-202.4480154,AC,,2,2,1000
L131,N_2231,N_2227,0.000684669,0.006721764,0.098376062,1000,-148.7704792,AC,,2,2,1000
L132,N_2231,N_2238,0.000398332,0.003394652,2.470227615,1000,-294.5809837,AC,,2,2,1000
L133,N_2231,N_2260,0.000347658,0.004598942,3.334725337,1000,-217.4413391,AC,,2,2,1000
L134,N_2231,N_2239,0.00052393,0.005143702,0.075280415,1000,-194.4125031,AC,,2,2,1000
L135,N_2237,N_2239,0.000473187,0.004645529,0.067989432,1000,-215.2607177,AC,,2,2,1000
L136,N_2237,N_2250,0.000287521,0.002822753,0.041312268,1000,-354.2641137,AC,,2,2,1000
L137,N_2237,N_2250,0.000261383,0.002566139,0.037556607,1000,-389.6905251,AC,,2,2,1000
L138,N_2250,N_2251,0.000204418,0.002704117,1.960774533,1000,-369.8064874,AC,,2,2,1000
L139,N_2250,N_2251,0.000204418,0.002704117,1.960774533,1000,-369.8064874,AC,,2,2,1000
L140,N_2252,N_2231,0.004044287,0.039704965,0.581100181,1000,-25.18576724,AC,,2,2,1000
L141,N_2252,N_2233,0.003497182,0.034333738,0.502489844,1000,-29.12587007,AC,,2,2,1000
L142,N_2233,N_2231,0.000591701,0.005809052,0.085018111,1000,-172.1451319,AC,,2,2,1000
L143,N_2243,N_2242,0.000632919,0.006213713,0.090940511,1000,-160.9343708,AC,,2,2,1000
L144,N_2243,N_2242,0.000632919,0.006213713,0.090940511,1000,-160.9343708,AC,,2,2,1000
L145,N_2243,N_2227,0.001416233,0.013903928,0.2034903,1000,-71.92212049,AC,,2,2,1000
L146,N_2236,N_2237,0.000587099,0.005763874,0.084356914,1000,-173.4944204,AC,,2,2,1000
L147,N_2243,N_2237,0.001049046,0.010299052,0.1507313,1000,-97.09631585,AC,,2,2,1000
L148,N_2266,N_2243,0.002454781,0.024099924,0.352713322,1000,-41.49390731,AC,,2,2,1000
L149,N_2262,N_2248,0.001155335,0.011342551,0.166003387,1000,-88.16358584,AC,,2,2,1000
L150,N_2248,N_2243,0.001780997,0.017485015,0.255901131,1000,-57.19182975,AC,,2,2,1000
L151,N_2266,N_2262,0.000206382,0.002026162,0.029653802,1000,-493.5439255,AC,,2,2,1000
L152,N_2170,N_2127,0.001101931,0.015035529,1.668365387,2500,-66.50913483,AC,,1,1,2500
L153,N_2170,N_2127,0.001101931,0.015035529,1.668365387,2500,-66.50913483,AC,,1,1,2500
L154,N_2270,N_2266,0.000862556,0.008468185,0.123935731,1000,-118.0890591,AC,,2,2,1000
L155,N_2274,N_2270,0.000605911,0.005948553,0.087059773,1000,-168.1081108,AC,,2,2,1000
L156,N_2274,N_2270,0.000582606,0.005719762,0.08371132,1000,-174.8324352,AC,,2,2,1000
L157,N_2270,N_2236,0.003151225,0.030937294,0.452781341,1000,-32.32344745,AC,,2,2,1000
L158,N_2274,N_2266,0.001015043,0.009965233,0.145845702,1000,-100.348887,AC,,2,2,1000
L159,N_2286,N_2285,0.000176101,0.001728878,0.025302919,1000,-578.4097029,AC,,2,2,1000
L160,N_2286,N_2285,0.000176101,0.001728878,0.025302919,1000,-578.4097029,AC,,2,2,1000
L161,N_2185,N_2195,0.000862656,0.011770694,1.306094301,2500,-84.95675877,AC,,1,1,2500
L162,N_2185,N_2153,0.001725535,0.023544425,2.612525619,2500,-42.47289966,AC,,1,1,2500
L163,N_2195,N_2153,0.000863074,0.011776401,1.306727607,2500,-84.91558445,AC,,1,1,2500
L164,N_2153,N_2116,0.001081154,0.014752036,1.636908644,2500,-67.78725181,AC,,1,1,2500
L165,N_2153,N_2116,0.001081154,0.014752036,1.636908644,2500,-67.78725181,AC,,1,1,2500
L166,N_2253,N_2252,0.00023051,0.002263038,0.033120591,1000,-441.8838392,AC,,2,2,1000
L167,N_2253,N_2252,0.00023051,0.002263038,0.033120591,1000,-441.8838392,AC,,2,2,1000
L168,N_2216,N_2222,0.000366893,0.004759417,0.101507063,1000,-210.1097459,AC,,2,2,1000
L169,N_2216,N_2222,0.000366893,0.004759417,0.101507063,1000,-210.1097459,AC,,2,2,1000
L170,N_2216,N_2237,0.004473867,0.034107701,0.418594508,1000,-29.31889224,AC,,2,2,1000
L171,N_2216,N_2212,0.002508237,0.019122202,0.234681573,1000,-52.29523185,AC,,2,2,1000
L172,N_2212,N_2209,0.00250962,0.019132746,0.234810979,1000,-52.26641159,AC,,2,2,1000
L173,N_2285,N_2237,0.005372984,0.052749506,0.772012959,1000,-18.9575236,AC,,2,2,1000
L174,N_2285,N_2259,0.004864863,0.047761003,0.699003957,1000,-20.93758377,AC,,2,2,1000
L175,N_2259,N_2237,0.000508557,0.004992786,0.073071682,1000,-200.2889957,AC,,2,2,1000
L176,N_2286,N_2276,0.003286769,0.032267998,0.472256797,1000,-30.99045686,AC,,2,2,1000
L177,N_2286,N_2274,0.002864807,0.028125369,0.411627546,1000,-35.5550887,AC,,2,2,1000
L178,N_2274,N_2275,0.000518727,0.005092629,0.074532934,1000,-196.362241,AC,,2,2,1000
L179,N_2276,N_2275,0.000254798,0.002501486,0.036610379,1000,-399.7624294,AC,,2,2,1000
L180,N_2274,N_2276,0.000710928,0.00697957,0.102149169,1000,-143.275311,AC,,2,2,1000
L181,N_2274,N_2276,0.000710928,0.00697957,0.102149169,1000,-143.275311,AC,,2,2,1000
L182,N_2286,N_2289,0.000508378,0.00499102,0.073045838,1000,-200.359859,AC,,2,2,1000
L183,N_2286,N_2290,0.005812789,0.044315323,0.543869871,1000,-22.56555829,AC,,2,2,1000
L184,N_2289,N_2290,0.005104069,0.038912208,0.477558918,1000,-25.69887568,AC,,2,2,1000
L185,N_2290,N_2291,0.004256837,0.032453114,0.398288218,1000,-30.81368396,AC,,2,2,1000
L186,N_2290,N_2291,0.005487527,0.033633227,0.42373441,1000,-29.73250207,AC,,2,2,1000
L187,N_2291,N_2297,0.005578084,0.04252599,0.52190988,1000,-23.51503152,AC,,2,2,1000
L188,N_2297,N_2293,0.006999342,0.053361319,0.65488891,1000,-18.7401666,AC,,2,2,1000
L189,N_2291,N_2261,0.003772558,0.047284998,0.718663689,1000,-21.14835659,AC,,2,2,1000
L190,N_2291,N_2261,0.003772558,0.047284998,0.718663689,1000,-21.14835659,AC,,2,2,1000
L191,N_2295,N_2257,0.004719643,0.035981439,0.44159039,1000,-27.7921068,AC,,2,2,1000
L192,N_2253,N_2257,0.006964692,0.053097154,0.651646896,1000,-18.83340097,AC,,2,2,1000
L193,N_2185,N_2285,0.00009,0.0122,0,2500,-81.96721311,AC,,1,2,2500
L194,N_2185,N_2285,0.00009,0.0122,0,2500,-81.96721311,AC,,1,2,2500
L195,N_2116,N_2216,0.00009,0.0122,0,2500,-81.96721311,AC,,1,2,2500
L196,N_2116,N_2216,0.00009,0.0122,0,2500,-81.96721311,AC,,1,2,2500
L197,N_2170,N_2270,0.00009,0.0122,0,2500,-81.96721311,AC,,1,2,2500
L198,N_2170,N_2270,0.00009,0.0122,0,2500,-81.96721311,AC,,1,2,2500
L199,N_2127,N_2227,0.00009,0.0122,0,2500,-81.96721311,AC,,1,2,2500
L200,N_2127,N_2227,0.00009,0.0122,0,2500,-81.96721311,AC,,1,2,2500
L201,N_2153,N_2253,0.00009,0.0122,0,2500,-81.96721311,AC,,1,2,2500
L202,N_2153,N_2253,0.00009,0.0122,0,2500,-81.96721311,AC,,1,2,2500
L203,N_2195,N_2295,0.00009,0.0122,0,2500,-81.96721311,AC,,1,2,2500
L204,N_2215,N_2415,0.0036,0.05,0,1000,-20,AC,,2,4,1000
L205,N_2215,N_2415,0.0036,0.05,0,1000,-20,AC,,2,4,1000
L206,N_2185,N_2984,0,0.0113,0,3000,-88.49557522,AC,,1,9,3000
L207,N_2285,N_2985,0,0.1,0,3000,-10,AC,,2,9,3000
L208,N_2286,N_2986,0,0.015,0,3000,-66.66666667,AC,,2,9,3000
L209,N_2253,N_2953,0,0.010714286,0,3000,-93.33333333,AC,,2,9,3000
L210,N_2210,N_2952,0,0.05,0,3000,-20,AC,,2,9,3000
L211,N_2239,N_2971,0,0.05,0,3000,-20,AC,,2,9,3000
L212,N_2270,N_2970,0,0.010714286,0,3000,-93.33333333,AC,,2,9,3000
L213,N_2266,N_2966,0,0.011363636,0,3000,-88,AC,,2,9,3000
L214,N_2262,N_2962,0,0.020718232,0,3000,-48.26666667,AC,,2,9,3000
L215,N_2201,N_2901,0,0.0375,0,3000,-26.66666667,AC,,2,9,3000
L216,N_2202,N_2903,0,0.03,0,3000,-33.33333333,AC,,2,9,3000
L217,N_2212,N_2904,0,0.05,0,3000,-20,AC,,2,9,3000
L218,N_2203,N_2905,0,0.05,0,3000,-20,AC,,2,9,3000
L219,N_2214,N_2914,0,0.15,0,3000,-6.666666667,AC,,2,9,3000
L220,N_2219,N_2919,0,0.022590361,0,3000,-44.26666667,AC,,2,9,3000
L221,N_2225,N_2925,0,0.0625,0,3000,-16,AC,,2,9,3000
L222,N_2211,N_2902,0,0.035714286,0,3000,-28,AC,,2,9,3000
L223,N_3201,N_3202,0.008935357,0.068121035,0.836030883,1000,-14.67975349,AC,,2,2,1000
L224,N_3201,N_3202,0.008935357,0.068121035,0.836030883,1000,-14.67975349,AC,,2,2,1000
L225,N_3201,N_3203,0.00168262,0.012827898,0.157433299,1000,-77.95509164,AC,,2,2,1000
L226,N_3401,N_3404,0.011716435,0.051828952,0.149384547,800,-19.29423527,AC,,4,4,700
L227,N_3401,N_3404,0.011716435,0.051828952,0.149384547,800,-19.29423527,AC,,4,4,700
L228,N_3401,N_3422,0.005250553,0.031276677,0.052090021,800,-31.97270646,AC,,4,4,700
L229,N_3401,N_3422,0.005250553,0.031276677,0.052090021,800,-31.97270646,AC,,4,4,700
L230,N_3401,N_3405,0.02081755,0.124006702,0.20652807,800,-8.06408027,AC,,4,4,700
L231,N_3404,N_3405,0.010101821,0.044686527,0.128798215,800,-22.37810975,AC,,4,4,700
L232,N_3404,N_3405,0.010101821,0.044686527,0.128798215,800,-22.37810975,AC,,4,4,700
L233,N_3411,N_3407,0.017062822,0.101640406,0.169277923,800,-9.838606854,AC,,4,4,700
L234,N_3411,N_3406,0.013504408,0.080443525,0.133975387,800,-12.43108138,AC,,4,4,700
L235,N_3407,N_3408,0.026895518,0.118975311,0.34291785,800,-8.405105168,AC,,4,4,700
L236,N_3408,N_3409,0.007044873,0.03116378,0.089822134,800,-32.08853396,AC,,4,4,700
L237,N_3409,N_3410,0.039873015,0.17638271,0.508380936,800,-5.669489927,AC,,4,4,700
L238,N_3406,N_3412,0.008881398,0.05290502,0.088111138,800,-18.90179813,AC,,4,4,700
L239,N_3406,N_3412,0.009388646,0.041531718,0.119705235,800,-24.07798285,AC,,4,4,700
L240,N_3406,N_3423,0.016411422,0.075209178,0.216772449,800,-13.29624964,AC,,4,4,700
L241,N_3423,N_3412,0.01870312,0.111411391,0.185551097,800,-8.975742898,AC,,4,4,700
L242,N_3412,N_3420,0.00037893,0.004218085,0.014060282,800,-237.0744347,AC,,4,4,700
L243,N_3412,N_3420,0.00037893,0.004218085,0.014060282,800,-237.0744347,AC,,4,4,700
L244,N_3112,N_3114,0.001928,0.025787,2.534115,2500,-38.77922984,AC,,1,1,2500
L245,N_3112,N_3114,0.001928,0.025787,2.534115,2500,-38.77922984,AC,,1,1,2500
L246,N_3112,N_3113,0.000437425,0.006498888,0.686070078,2500,-153.8724849,AC,,1,1,2500
L247,N_3112,N_3113,0.000437425,0.006498888,0.686070078,2500,-153.8724849,AC,,1,1,2500
L248,N_3420,N_3415,0.009061145,0.053975744,0.089894385,800,-18.52684056,AC,,4,4,700
L249,N_3420,N_3415,0.009061145,0.053975744,0.089894385,800,-18.52684056,AC,,4,4,700
L250,N_3420,N_3415,0.009061145,0.053975744,0.089894385,800,-18.52684056,AC,,4,4,700
L251,N_3115,N_3102,0.000198689,0.002951951,0.311629479,2500,-338.759055,AC,,1,1,2500
L252,N_3115,N_3113,8.22982E-05,0.001222716,0.129078864,2500,-817.8512324,AC,,1,1,2500
L253,N_3113,N_3102,0.000298787,0.004439127,0.468626715,2500,-225.269504,AC,,1,1,2500
L254,N_3113,N_3102,0.000298787,0.004439127,0.468626715,2500,-225.269504,AC,,1,1,2500
L255,N_3102,N_3118,0.001073035,0.015942231,1.682978446,2500,-62.72647635,AC,,1,1,2500
L256,N_3102,N_3118,0.001073035,0.015942231,1.682978446,2500,-62.72647635,AC,,1,1,2500
L257,N_3102,N_3116,0.000253256,0.003762663,0.397214177,2500,-265.7692343,AC,,1,1,2500
L258,N_3116,N_3117,0.000137431,0.002041825,0.215549978,2500,-489.7579149,AC,,1,1,2500
L259,N_3116,N_3118,0.000970159,0.014413793,1.521625352,2500,-69.37798951,AC,,1,1,2500
L260,N_3117,N_3118,0.000806548,0.011982996,1.265012673,2500,-83.45158113,AC,,1,1,2500
L261,N_3417,N_3468,0.001246097,0.010546673,0.03655217,800,-94.81662685,AC,,4,4,700
L262,N_3417,N_3468,0.001246097,0.010546673,0.03655217,800,-94.81662685,AC,,4,4,700
L263,N_3416,N_3468,0.000122012,0.001032685,0.00357903,800,-968.3498114,AC,,4,4,700
L264,N_3416,N_3468,0.000122012,0.001032685,0.00357903,800,-968.3498114,AC,,4,4,700
L265,N_3416,N_3418,0.005117323,0.076333402,0.300358434,800,-13.10042484,AC,,4,4,700
L266,N_3416,N_3418,0.012828845,0.088901643,0.164186704,800,-11.24838609,AC,,4,4,700
L267,N_3416,N_3426,0.001732776,0.01466581,0.050828083,800,-68.18579873,AC,,4,4,700
L268,N_3416,N_3426,0.001732776,0.01466581,0.050828083,800,-68.18579873,AC,,4,4,700
L269,N_3416,N_3424,0.003080034,0.026068693,0.090347663,800,-38.36018889,AC,,4,4,700
L270,N_3416,N_3429,0.012282746,0.085117274,0.157197598,800,-11.74849656,AC,,4,4,700
L271,N_3416,N_3429,0.012282746,0.085117274,0.157197598,800,-11.74849656,AC,,4,4,700
L272,N_3416,N_3429,0.0122778,0.085083,0.1571343,800,-11.7532292,AC,,4,4,700
L273,N_3416,N_3429,0.0122778,0.085083,0.1571343,800,-11.7532292,AC,,4,4,700
L274,N_3415,N_3424,0.000880999,0.006260577,0.046792973,800,-159.7296855,AC,,4,4,700
L275,N_3415,N_3424,0.000880999,0.006260577,0.046792973,800,-159.7296855,AC,,4,4,700
L276,N_3424,N_3428,0.000575657,0.005960702,0.020607291,800,-167.7654675,AC,,4,4,700
L277,N_3424,N_3428,0.000575657,0.005960702,0.020607291,800,-167.7654675,AC,,4,4,700
L278,N_3424,N_3421,0.0064,0.0391,0.365,800,-25.57544757,AC,,4,4,700
L279,N_3424,N_3427,0.001676893,0.014192837,0.049188872,800,-70.45807861,AC,,4,4,700
L280,N_3424,N_3402,0.000692434,0.004775408,0.015758847,800,-209.4061802,AC,,4,4,700
L281,N_3424,N_3402,0.000692434,0.004775408,0.015758847,800,-209.4061802,AC,,4,4,700
L282,N_3424,N_3425,0.000827345,0.009209653,0.030698843,800,-108.5817242,AC,,4,4,700
L283,N_3425,N_3416,0.001208271,0.013449966,0.044833222,800,-74.3496276,AC,,4,4,700
L284,N_3426,N_3428,0.000360154,0.003662434,0.232273147,800,-273.0424428,AC,,4,4,700
L285,N_3427,N_3416,0.000684664,0.007621387,0.025404624,800,-131.2097074,AC,,4,4,700
L286,N_3114,N_3130,0.000252115,0.003372037,0.331373513,2500,-296.5566779,AC,,1,1,2500
L287,N_3114,N_3130,0.000252115,0.003372037,0.331373513,2500,-296.5566779,AC,,1,1,2500
L288,N_3422,N_3421,0.018932603,0.112778383,0.187827766,800,-8.866947489,AC,,4,4,700
L289,N_3422,N_3421,0.018932603,0.112778383,0.187827766,800,-8.866947489,AC,,4,4,700
L290,N_3118,N_3119,0.000104082,0.001420173,0.157584587,2500,-704.1395413,AC,,1,1,2500
L291,N_3118,N_3119,0.000104082,0.001420173,0.157584587,2500,-704.1395413,AC,,1,1,2500
L292,N_3118,N_3119,0.000104082,0.001420173,0.157584587,2500,-704.1395413,AC,,1,1,2500
L293,N_3405,N_3470,0.013232228,0.078822194,0.131275127,800,-12.68678211,AC,,4,4,700
L294,N_3470,N_3411,0.003442379,0.020505682,0.034151371,800,-48.76697115,AC,,4,4,700
L295,N_3410,N_3471,0.020611029,0.091175175,0.262790615,800,-10.96789775,AC,,4,4,700
L296,N_3471,N_3406,0.005548087,0.024542581,0.070738113,800,-40.74551122,AC,,4,4,700
L297,N_3115,N_3113,8.22982E-05,0.001222716,0.129078864,2500,-817.8512324,AC,,1,1,2500
L298,N_3115,N_3113,8.22982E-05,0.001222716,0.129078864,2500,-817.8512324,AC,,1,1,2500
L299,N_3115,N_3113,8.22982E-05,0.001222716,0.129078864,2500,-817.8512324,AC,,1,1,2500
L300,N_3418,N_3429,0.001819641,0.012609794,0.023288215,800,-79.30343476,AC,,4,4,700
L301,N_3418,N_3429,0.001819641,0.012609794,0.023288215,800,-79.30343476,AC,,4,4,700
L302,N_3201,N_3401,0,0.0293,0,1000,-34.12969283,AC,,2,4,1000
L303,N_3201,N_3401,0,0.0293,0,1000,-34.12969283,AC,,2,4,1000
L304,N_3201,N_3401,0,0.0293,0,1000,-34.12969283,AC,,2,4,1000
L305,N_3112,N_3412,0,0.0182,0,2500,-54.94505495,AC,,1,4,2500
L306,N_3112,N_3412,0,0.0182,0,2500,-54.94505495,AC,,1,4,2500
L307,N_3115,N_3415,0,0.02795,0,2500,-35.77817531,AC,,1,4,2500
L308,N_3115,N_3415,0,0.02795,0,2500,-35.77817531,AC,,1,4,2500
L309,N_3115,N_3415,0,0.02795,0,2500,-35.77817531,AC,,1,4,2500
L310,N_3102,N_3202,0,0.01184,0,2500,-84.45945946,AC,,1,2,2500
L311,N_3202,N_3402,0,0.0245,0,1000,-40.81632653,AC,,2,4,1000
L312,N_3202,N_3402,0,0.0245,0,1000,-40.81632653,AC,,2,4,1000
L313,N_3116,N_3416,0,0.01824,0,2500,-54.8245614,AC,,1,4,2500
L314,N_3116,N_3416,0,0.01824,0,2500,-54.8245614,AC,,1,4,2500
L315,N_3117,N_3417,0,0.01824,0,2500,-54.8245614,AC,,1,4,2500
L316,N_3118,N_3418,0,0.0331,0,2500,-30.21148036,AC,,1,4,2500
L317,N_3118,N_3418,0,0.0331,0,2500,-30.21148036,AC,,1,4,2500
L318,N_3118,N_3418,0,0.0331,0,2500,-30.21148036,AC,,1,4,2500
L319,N_3118,N_3418,0,0.0331,0,2500,-30.21148036,AC,,1,4,2500
L320,N_3114,N_3314,0,0.022,0,2500,-45.45454545,AC,,1,3,2500
L321,N_3114,N_3314,0,0.022,0,2500,-45.45454545,AC,,1,3,2500
L322,N_3406,N_3906,0,0.081521739,0,3000,-12.26666667,AC,,4,9,3000
L323,N_3421,N_3921,0,0.111111111,0,3000,-9,AC,,4,9,3000
L324,N_3118,N_3918,0,0.009375,0,3000,-106.6666667,AC,,1,9,3000
L325,N_3418,N_3986,0,0.140186916,0,3000,-7.133333333,AC,,4,9,3000
L326,N_3114,N_3914,0,0.096153846,0,3000,-10.4,AC,,1,9,3000
L327,N_3415,N_3915,0,0.048076923,0,3000,-20.8,AC,,4,9,3000
L328,N_3415,N_3985,0,0.029411765,0,3000,-34,AC,,4,9,3000
L329,N_3119,N_3980,0,0.006880734,0,3000,-145.3333333,AC,,1,9,3000
L330,N_3119,N_3981,0,0.015,0,3000,-66.66666667,AC,,1,9,3000
L331,N_3119,N_3982,0,0.05,0,3000,-20,AC,,1,9,3000
L332,N_3412,N_3912,0,0.035714286,0,3000,-28,AC,,4,9,3000
L333,N_3402,N_3902,0,0.09375,0,3000,-10.66666667,AC,,4,9,3000
L334,N_3471,N_3923,0,0.128205128,0,3000,-7.8,AC,,4,9,3000
L335,N_3429,N_3929,0,0.010344828,0,3000,-96.66666667,AC,,4,9,3000
L336,N_3422,N_3922,0,0.03,0,3000,-33.33333333,AC,,4,9,3000
L337,N_3423,N_3903,0,0.05,0,3000,-20,AC,,4,9,3000
L338,N_5314,N_5365,0.011163528,0.084167126,0.306115691,900,-11.88112325,AC,,3,3,800
L339,N_5304,N_5312,0.002523329,0.027077263,0.167898441,900,-36.93135441,AC,,3,3,800
L340,N_5304,N_5313,0.000636134,0.004796117,0.017443469,900,-208.5020026,AC,,3,3,800
L341,N_5304,N_5308,0.000725132,0.005467115,0.019883889,900,-182.9118134,AC,,3,3,800
L342,N_5366,N_5365,0.001870442,0.020307657,0.149635364,900,-49.24251088,AC,,3,3,800
L343,N_5366,N_5365,0.001870442,0.020307657,0.149635364,900,-49.24251088,AC,,3,3,800
L344,N_5365,N_5330,0.010318944,0.11073021,0.686606681,900,-9.030959088,AC,,3,3,800
L345,N_5305,N_5307,0.0002,0.0018,0.72,900,-555.5555556,AC,,3,3,800
L346,N_5313,N_5307,0.001067452,0.01145458,0.071026607,900,-87.30132374,AC,,3,3,800
L347,N_5313,N_5308,0.000700465,0.005281136,0.019207484,900,-189.3531855,AC,,3,3,800
L348,N_5306,N_5312,0.000555244,0.004186249,0.015225381,900,-238.8773226,AC,,3,3,800
L349,N_5306,N_5309,0.000739542,0.005575758,0.020279021,900,-179.3478188,AC,,3,3,800
L350,N_5307,N_5340,0.001579437,0.011908125,0.04330983,900,-83.97627601,AC,,3,3,800
L351,N_5307,N_5312,0.001453497,0.015597142,0.09671346,900,-64.11431088,AC,,3,3,800
L352,N_5309,N_5312,0.000886989,0.006687431,0.024322174,900,-149.5342585,AC,,3,3,800
L353,N_5340,N_5310,0.000494026,0.005301276,0.032871709,900,-188.6338457,AC,,3,3,800
L354,N_5340,N_5312,0.000787501,0.008450489,0.052399092,900,-118.3363407,AC,,3,3,800
L355,N_5310,N_5311,0.000694579,0.005236762,0.019046096,900,-190.9576794,AC,,3,3,800
L356,N_5301,N_5302,0.023299797,0.175668208,0.638904966,900,-5.692549676,AC,,3,3,800
L357,N_5301,N_5302,0.023299797,0.175668208,0.638904966,900,-5.692549676,AC,,3,3,800
L358,N_5340,N_5303,0.00229205,0.019100418,0.090917988,900,-52.3548759,AC,,3,3,800
L359,N_5303,N_5302,0.003916088,0.03263407,0.155338175,900,-30.64282164,AC,,3,3,800
L360,N_5318,N_5303,0.006966986,0.058058214,0.276357099,900,-17.22409164,AC,,3,3,800
L361,N_5302,N_5304,0.005027902,0.041899187,0.199440132,900,-23.86681129,AC,,3,3,800
L362,N_5312,N_5328,0.000643386,0.006904027,0.042809919,900,-144.8429949,AC,,3,3,800
L363,N_5312,N_5317,0.000140573,0.00150846,0.009353531,900,-662.9279453,AC,,3,3,800
L364,N_5317,N_5311,7.79353E-05,0.000836306,0.005185696,900,-1195.734801,AC,,3,3,800
L365,N_5340,N_5318,0.00600446,0.050037165,0.238176903,900,-19.98514522,AC,,3,3,800
L366,N_5340,N_5370,0.002481552,0.018709596,0.068046768,900,-53.44850811,AC,,3,3,800
L367,N_5340,N_5325,0.006379534,0.053162782,0.253054842,900,-18.81015184,AC,,3,3,800
L368,N_5370,N_5314,0.007969471,0.060085616,0.218531281,900,-16.64291826,AC,,3,3,800
L369,N_5318,N_5345,0.004826003,0.040216692,0.191431452,900,-24.86529751,AC,,3,3,800
L370,N_5345,N_5365,0.007964974,0.066374787,0.315943985,900,-15.06596177,AC,,3,3,800
L371,N_5365,N_5326,0.00488494,0.040707835,0.193769296,900,-24.56529542,AC,,3,3,800
L372,N_5326,N_5325,0.005005409,0.04171174,0.198547882,900,-23.9740659,AC,,3,3,800
L373,N_5365,N_5320,0.007964974,0.066374787,0.315943985,900,-15.06596177,AC,,3,3,800
L374,N_5320,N_5318,0.004826003,0.040216692,0.191431452,900,-24.86529751,AC,,3,3,800
L375,N_5303,N_5329,0.002051974,0.017099786,0.081394983,900,-58.48026312,AC,,3,3,800
L376,N_5304,N_5329,0.001262008,0.010516737,0.050059667,900,-95.08652857,AC,,3,3,800
L377,N_5345,N_5945,0,0.065789474,0,3000,-15.2,AC,,3,9,3000
L378,N_5306,N_5906,0,0.096153846,0,3000,-10.4,AC,,3,9,3000
L379,N_5311,N_5911,0,0.031380753,0,3000,-31.86666667,AC,,3,9,3000
L380,N_5318,N_5918,0,0.166666667,0,3000,-6,AC,,3,9,3000
L381,N_5301,N_5901,0,0.104895105,0,3000,-9.533333333,AC,,3,9,3000
L382,N_5301,N_5970,0,0.05,0,3000,-20,AC,,3,9,3000
L383,N_5312,N_5912,0,0.037128713,0,3000,-26.93333333,AC,,3,9,3000
L384,N_5312,N_5913,0,0.01171875,0,3000,-85.33333333,AC,,3,9,3000
L385,N_5345,N_5951,0,0.05,0,3000,-20,AC,,3,9,3000
L386,N_5320,N_5952,0,0.05,0,3000,-20,AC,,3,9,3000
L387,N_5314,N_5953,0,0.05,0,3000,-20,AC,,3,9,3000
L388,N_5301,N_5902,0,0.05,0,3000,-20,AC,,3,9,3000
L389,N_5311,N_5914,0,0.03,0,3000,-33.33333333,AC,,3,9,3000
L390,N_2261,N_4220,0.003683866,0.046173338,0.701768068,600,-21.65751999,AC,,2,2,
L391,N_2261,N_4220,0.003683866,0.046173338,0.701768068,600,-21.65751999,AC,,2,2,
L392,N_2213,N_3203,0.00164,0.01259,0.1646,966,-79.42811755,AC,,2,2,
L393,N_2402,N_3409,0.0036,0.0154,0.0422,265,-64.93506494,AC,,4,4,
L394,N_2201,N_3201,0.004626326,0.035270007,0.432859175,1015,-28.3527022,AC,,2,2,1015*0.9
L395,N_2201,N_3201,0.004626326,0.035270007,0.432859175,1015,-28.3527022,AC,,2,2,1015*0.9
L396,N_3314,N_5301,0.006895433,0.051987935,0.189080027,435,-19.23523232,AC,,3,3,435
L397,N_3314,N_5301,0.006895433,0.051987935,0.189080027,435,-19.23523232,AC,,3,3,(650+220)/2